x_0_NOSE,y_0_NOSE,z_0_NOSE,x_1_LEFT_EYE_IN,y_1_LEFT_EYE_IN,z_1_LEFT_EYE_IN,x_2_LEFT_EYE,y_2_LEFT_EYE,z_2_LEFT_EYE,x_3_LEFT_EYE_OUT,y_3_LEFT_EYE_OUT,z_3_LEFT_EYE_OUT,x_4_RIGHT_EYE_IN,y_4_RIGHT_EYE_IN,z_4_RIGHT_EYE_IN,x_5_RIGTH_EYE,y_5_RIGTH_EYE,z_5_RIGTH_EYE,x_6_RIGHT_EYE_OUT,y_6_RIGHT_EYE_OUT,z_6_RIGHT_EYE_OUT,x_7_LEFT_EAR,y_7_LEFT_EAR,z_7_LEFT_EAR,x_8_RIGHT_EAR,y_8_RIGHT_EAR,z_8_RIGHT_EAR,x_9_MOUTH_LEFT,y_9_MOUTH_LEFT,z_9_MOUTH_LEFT,x_10_MOUTH_RIGHT,y_10_MOUTH_RIGHT,z_10_MOUTH_RIGHT,x_11_LEFT_SHOULDER,y_11_LEFT_SHOULDER,z_11_LEFT_SHOULDER,x_12_RIGHT_SHOULDER,y_12_RIGHT_SHOULDER,z_12_RIGHT_SHOULDER,x_13_LEFT_ELBOW,y_13_LEFT_ELBOW,z_13_LEFT_ELBOW,x_14_RIGHT_ELBOW,y_14_RIGHT_ELBOW,z_14_RIGHT_ELBOW,x_15_LEFT_WRIST,y_15_LEFT_WRIST,z_15_LEFT_WRIST,x_16_RIGHT_WRIST,y_16_RIGHT_WRIST,z_16_RIGHT_WRIST,x_17_LEFT_PINKY,y_17_LEFT_PINKY,z_17_LEFT_PINKY,x_18_RIGHT_PINKY,y_18_RIGHT_PINKY,z_18_RIGHT_PINKY,x_19_LEFT_INDEX,y_19_LEFT_INDEX,z_19_LEFT_INDEX,x_20_RIGHT_INDEX,y_20_RIGHT_INDEX,z_20_RIGHT_INDEX,x_21_LEFT_THUMB,y_21_LEFT_THUMB,z_21_LEFT_THUMB,x_22_RIGHT_THUMB,y_22_RIGHT_THUMB,z_22_RIGHT_THUMB,x_23_LEFT_HIP,y_23_LEFT_HIP,z_23_LEFT_HIP,x_24_RIGHT_HIP,y_24_RIGHT_HIP,z_24_RIGHT_HIP,x_25_LEFT_KNEE,y_25_LEFT_KNEE,z_25_LEFT_KNEE,x_26_RIGHT_KNEE,y_26_RIGHT_KNEE,z_26_RIGHT_KNEE,x_27_LEFT_ANKLE,y_27_LEFT_ANKLE,z_27_LEFT_ANKLE,x_28_RIGHT_ANKLE,y_28_RIGHT_ANKLE,z_28_RIGHT_ANKLE,x_29_LEFT_HEEL,y_29_LEFT_HEEL,z_29_LEFT_HEEL,x_30_RIGHT_HEEL,y_30_RIGHT_HEEL,z_30_RIGHT_HEEL,x_31_LEFT_FOOT_INDEX,y_31_LEFT_FOOT_INDEX,z_31_LEFT_FOOT_INDEX,x_32_RIGHT_FOOT_INDEX,y_32_RIGHT_FOOT_INDEX,z_32_RIGHT_FOOT_INDEX
146.96495056152344,-202.4540557861328,620.0,152.9108123779297,-226.3249969482422,607.0,154.40647888183594,-225.57928466796875,605.0,156.4059600830078,-225.57928466796875,605.0,138.63943481445312,-235.97702026367188,606.0,-0.0,-0.0,0.0,-0.0,-0.0,0.0,137.63804626464844,-235.97702026367188,606.0,-0.0,-0.0,0.0,134.9745635986328,-188.30064392089844,631.0,113.52062225341797,-195.90443420410156,622.0,148.39718627929688,-171.93841552734375,644.0,-72.5233154296875,-192.47601318359375,631.0,246.77120971679688,-29.94921875,713.0,-80.31086730957031,16.71539878845215,428.0,-0.0,-0.0,0.0,-0.0,-0.0,0.0,-0.0,-0.0,0.0,-0.0,-0.0,0.0,-0.0,-0.0,0.0,-0.0,-0.0,0.0,-0.0,-0.0,0.0,-0.0,-0.0,0.0,75.85006713867188,211.53883361816406,1010.0,-38.51200866699219,81.96060180664062,345.0,-0.0,-0.0,0.0,-0.0,-0.0,0.0,-0.0,-0.0,0.0,-0.0,-0.0,0.0,-0.0,-0.0,0.0,-0.0,-0.0,0.0,-0.0,-0.0,0.0,-0.0,-0.0,0.0
139.6821746826172,-215.0646209716797,615.0,149.4077911376953,-237.5892791748047,605.0,154.15126037597656,-234.19903564453125,604.0,157.8817901611328,-231.8162384033203,603.0,-0.0,-0.0,0.0,-0.0,-0.0,0.0,-0.0,-0.0,0.0,145.649169921875,-235.97702026367188,606.0,-0.0,-0.0,0.0,133.0828399658203,-195.40478515625,627.0,104.62081909179688,-202.8233184814453,618.0,144.97915649414062,-170.6077423095703,643.0,-64.69026184082031,-201.36598205566406,636.0,253.90298461914062,-23.512020111083984,697.0,-82.68011474609375,12.61288070678711,433.0,-0.0,-0.0,0.0,-0.0,-0.0,0.0,-0.0,-0.0,0.0,-0.0,-0.0,0.0,-0.0,-0.0,0.0,-0.0,-0.0,0.0,-0.0,-0.0,0.0,-0.0,-0.0,0.0,78.87442016601562,199.05169677734375,1006.0,-43.365074157714844,77.2182388305664,352.0,-0.0,-0.0,0.0,-0.0,-0.0,0.0,-0.0,-0.0,0.0,-0.0,-0.0,0.0,-0.0,-0.0,0.0,-0.0,-0.0,0.0,-0.0,-0.0,0.0,-0.0,-0.0,0.0
143.98095703125,-211.33819580078125,616.0,153.40673828125,-233.58595275878906,605.0,157.1455078125,-230.20233154296875,604.0,159.87464904785156,-228.82366943359375,603.0,-0.0,-0.0,0.0,-0.0,-0.0,0.0,-0.0,-0.0,0.0,146.89256286621094,-233.35400390625,607.0,-0.0,-0.0,0.0,135.58615112304688,-192.90647888183594,629.0,109.05750274658203,-200.40277099609375,620.0,145.0357208251953,-167.64651489257812,648.0,-65.53449249267578,-198.6351318359375,634.0,254.77362060546875,-16.427213668823242,690.0,-81.2074203491211,15.335090637207031,429.0,-0.0,-0.0,0.0,-0.0,-0.0,0.0,-0.0,-0.0,0.0,-0.0,-0.0,0.0,-0.0,-0.0,0.0,-0.0,-0.0,0.0,-0.0,-0.0,0.0,-0.0,-0.0,0.0,74.18108367919922,209.86802673339844,1010.0,-43.07280349731445,80.24842834472656,345.0,-0.0,-0.0,0.0,-0.0,-0.0,0.0,-0.0,-0.0,0.0,-0.0,-0.0,0.0,-0.0,-0.0,0.0,-0.0,-0.0,0.0,-0.0,-0.0,0.0,-0.0,-0.0,0.0
142.17556762695312,-207.59854125976562,617.0,152.65890502929688,-228.95960998535156,606.0,156.88534545898438,-225.8311004638672,603.0,160.87107849121094,-224.83355712890625,603.0,-0.0,-0.0,0.0,-0.0,-0.0,0.0,-0.0,-0.0,0.0,148.89865112304688,-231.34571838378906,607.0,-0.0,-0.0,0.0,132.88914489746094,-189.344482421875,631.0,106.15486907958984,-198.67140197753906,621.0,145.0357208251953,-167.64651489257812,648.0,-66.37211608886719,-195.91754150390625,632.0,249.2526397705078,-29.823205947875977,710.0,-81.01811981201172,16.007369995117188,428.0,-0.0,-0.0,0.0,-0.0,-0.0,0.0,-0.0,-0.0,0.0,-0.0,-0.0,0.0,-0.0,-0.0,0.0,-0.0,-0.0,0.0,-0.0,-0.0,0.0,-0.0,-0.0,0.0,64.42129516601562,215.73146057128906,1014.0,-44.08484649658203,80.58489227294922,344.0,-0.0,-0.0,0.0,-0.0,-0.0,0.0,-0.0,-0.0,0.0,-0.0,-0.0,0.0,-0.0,-0.0,0.0,-0.0,-0.0,0.0,-0.0,-0.0,0.0,-0.0,-0.0,0.0
144.76348876953125,-213.02987670898438,615.0,153.8960418701172,-237.80137634277344,603.0,158.61473083496094,-234.41941833496094,602.0,162.86395263671875,-233.81129455566406,603.0,-0.0,-0.0,0.0,-0.0,-0.0,0.0,-0.0,-0.0,0.0,150.4075164794922,-238.59011840820312,605.0,-0.0,-0.0,0.0,138.9248504638672,-194.25535583496094,630.0,110.08202362060547,-200.40277099609375,620.0,148.39718627929688,-171.93841552734375,644.0,-69.50518035888672,-198.00852966308594,632.0,250.72659301757812,-23.64695167541504,701.0,-81.01811981201172,16.007369995117188,428.0,-0.0,-0.0,0.0,-0.0,-0.0,0.0,-0.0,-0.0,0.0,-0.0,-0.0,0.0,-0.0,-0.0,0.0,-0.0,-0.0,0.0,-0.0,-0.0,0.0,-0.0,-0.0,0.0,62.37442398071289,199.44741821289062,1008.0,-45.62268829345703,73.97328186035156,356.0,-0.0,-0.0,0.0,-0.0,-0.0,0.0,-0.0,-0.0,0.0,-0.0,-0.0,0.0,-0.0,-0.0,0.0,-0.0,-0.0,0.0,-0.0,-0.0,0.0,-0.0,-0.0,0.0
141.15599060058594,-212.7019500732422,617.0,150.4075164794922,-235.58761596679688,605.0,154.40647888183594,-232.58511352539062,605.0,159.14169311523438,-231.20150756835938,604.0,-0.0,-0.0,0.0,-0.0,-0.0,0.0,-0.0,-0.0,0.0,146.4085693359375,-236.5884552001953,605.0,-0.0,-0.0,0.0,134.3328399658203,-192.59979248046875,628.0,107.00845336914062,-200.40277099609375,620.0,146.49594116210938,-171.13839721679688,645.0,-67.30979919433594,-196.65138244628906,631.0,253.6334228515625,-17.56865882873535,690.0,-77.23731994628906,22.602155685424805,419.0,-0.0,-0.0,0.0,-0.0,-0.0,0.0,-0.0,-0.0,0.0,-0.0,-0.0,0.0,-0.0,-0.0,0.0,-0.0,-0.0,0.0,-0.0,-0.0,0.0,-0.0,-0.0,0.0,59.16020965576172,203.1847686767578,1010.0,-46.53632736206055,74.72892761230469,354.0,-0.0,-0.0,0.0,-0.0,-0.0,0.0,-0.0,-0.0,0.0,-0.0,-0.0,0.0,-0.0,-0.0,0.0,-0.0,-0.0,0.0,-0.0,-0.0,0.0,-0.0,-0.0,0.0
144.76348876953125,-213.02987670898438,615.0,154.40647888183594,-233.58595275878906,605.0,159.14169311523438,-229.20315551757812,604.0,163.13404846191406,-227.2047882080078,604.0,-0.0,-0.0,0.0,-0.0,-0.0,0.0,-0.0,-0.0,0.0,148.89865112304688,-231.34571838378906,607.0,-0.0,-0.0,0.0,134.3328399658203,-193.638671875,628.0,107.68447875976562,-201.8009796142578,618.0,146.72305297851562,-170.33506774902344,646.0,-68.56914520263672,-198.32183837890625,633.0,250.72659301757812,-25.966238021850586,701.0,-80.63953399658203,16.63728904724121,426.0,-0.0,-0.0,0.0,-0.0,-0.0,0.0,-0.0,-0.0,0.0,-0.0,-0.0,0.0,-0.0,-0.0,0.0,-0.0,-0.0,0.0,-0.0,-0.0,0.0,-0.0,-0.0,0.0,65.77096557617188,202.9835968017578,1009.0,-46.010494232177734,77.35848999023438,350.0,-0.0,-0.0,0.0,-0.0,-0.0,0.0,-0.0,-0.0,0.0,-0.0,-0.0,0.0,-0.0,-0.0,0.0,-0.0,-0.0,0.0,-0.0,-0.0,0.0,-0.0,-0.0,0.0
141.94512939453125,-213.3762664794922,616.0,152.1550750732422,-236.1973876953125,604.0,156.88534545898438,-232.8137664794922,603.0,162.1359405517578,-231.20150756835938,604.0,-0.0,-0.0,0.0,-0.0,-0.0,0.0,-0.0,-0.0,0.0,148.65335083007812,-234.9745330810547,606.0,-0.0,-0.0,0.0,134.3328399658203,-193.638671875,628.0,105.81298065185547,-202.1275177001953,619.0,147.561767578125,-172.2053985595703,645.0,-71.5938949584961,-196.96302795410156,632.0,249.56822204589844,-23.64695167541504,701.0,-77.79033660888672,19.97157859802246,422.0,-0.0,-0.0,0.0,-0.0,-0.0,0.0,-0.0,-0.0,0.0,-0.0,-0.0,0.0,-0.0,-0.0,0.0,-0.0,-0.0,0.0,-0.0,-0.0,0.0,-0.0,-0.0,0.0,53.992401123046875,192.58615112304688,1007.0,-49.10973358154297,71.2312240600586,360.0,-0.0,-0.0,0.0,-0.0,-0.0,0.0,-0.0,-0.0,0.0,-0.0,-0.0,0.0,-0.0,-0.0,0.0,-0.0,-0.0,0.0,-0.0,-0.0,0.0,-0.0,-0.0,0.0
146.2538299560547,-209.63990783691406,617.0,153.40673828125,-230.5834503173828,605.0,156.88534545898438,-227.82615661621094,603.0,159.87464904785156,-226.82862854003906,603.0,-0.0,-0.0,0.0,-0.0,-0.0,0.0,-0.0,-0.0,0.0,145.649169921875,-233.9720458984375,606.0,-0.0,-0.0,0.0,136.62554931640625,-192.90647888183594,629.0,110.08202362060547,-199.3771209716797,620.0,145.88104248046875,-169.5284423828125,647.0,-71.36732482910156,-194.25535583496094,630.0,248.66232299804688,-24.948143005371094,705.0,-80.96158599853516,18.663410186767578,424.0,-0.0,-0.0,0.0,-0.0,-0.0,0.0,-0.0,-0.0,0.0,-0.0,-0.0,0.0,-0.0,-0.0,0.0,-0.0,-0.0,0.0,-0.0,-0.0,0.0,-0.0,-0.0,0.0,62.68382263183594,212.1671600341797,1013.0,-45.30232238769531,78.29215240478516,349.0,-0.0,-0.0,0.0,-0.0,-0.0,0.0,-0.0,-0.0,0.0,-0.0,-0.0,0.0,-0.0,-0.0,0.0,-0.0,-0.0,0.0,-0.0,-0.0,0.0,-0.0,-0.0,0.0
145.23426818847656,-207.59854125976562,617.0,153.15318298339844,-231.20150756835938,604.0,156.88534545898438,-228.82366943359375,603.0,159.87464904785156,-227.82615661621094,603.0,-0.0,-0.0,0.0,-0.0,-0.0,0.0,-0.0,-0.0,0.0,146.4085693359375,-236.5884552001953,605.0,-0.0,-0.0,0.0,135.58615112304688,-190.82540893554688,629.0,109.2333984375,-197.6440887451172,621.0,148.6276092529297,-172.2053985595703,645.0,-70.21464538574219,-193.94700622558594,629.0,248.66232299804688,-22.61562728881836,705.0,-79.04564666748047,18.004364013671875,425.0,-0.0,-0.0,0.0,-0.0,-0.0,0.0,-0.0,-0.0,0.0,-0.0,-0.0,0.0,-0.0,-0.0,0.0,-0.0,-0.0,0.0,-0.0,-0.0,0.0,-0.0,-0.0,0.0,59.10163497924805,191.2994842529297,1009.0,-48.91913604736328,69.42281341552734,363.0,-0.0,-0.0,0.0,-0.0,-0.0,0.0,-0.0,-0.0,0.0,-0.0,-0.0,0.0,-0.0,-0.0,0.0,-0.0,-0.0,0.0,-0.0,-0.0,0.0,-0.0,-0.0,0.0
144.12046813964844,-222.6746826171875,608.0,-0.0,-0.0,0.0,-0.0,-0.0,0.0,-0.0,-0.0,0.0,-0.0,-0.0,0.0,-0.0,-0.0,0.0,-0.0,-0.0,0.0,-0.0,-0.0,0.0,-0.0,-0.0,0.0,136.57061767578125,-198.59889221191406,624.0,109.01671600341797,-206.58914184570312,614.0,149.08847045898438,-171.6690673828125,647.0,-68.56914520263672,-199.36898803710938,633.0,248.66232299804688,-20.283105850219727,705.0,-80.71955108642578,10.488151550292969,434.0,-0.0,-0.0,0.0,-0.0,-0.0,0.0,-0.0,-0.0,0.0,-0.0,-0.0,0.0,-0.0,-0.0,0.0,-0.0,-0.0,0.0,-0.0,-0.0,0.0,-0.0,-0.0,0.0,64.10363006591797,201.31443786621094,1009.0,-46.08116149902344,74.3527603149414,355.0,-0.0,-0.0,0.0,-0.0,-0.0,0.0,-0.0,-0.0,0.0,-0.0,-0.0,0.0,-0.0,-0.0,0.0,-0.0,-0.0,0.0,-0.0,-0.0,0.0,-0.0,-0.0,0.0
145.36386108398438,-220.01856994628906,609.0,-0.0,-0.0,0.0,-0.0,-0.0,0.0,-0.0,-0.0,0.0,-0.0,-0.0,0.0,-0.0,-0.0,0.0,-0.0,-0.0,0.0,-0.0,-0.0,0.0,-0.0,-0.0,0.0,138.4107208251953,-198.28062438964844,623.0,112.24305725097656,-204.89085388183594,615.0,147.33299255371094,-174.06910705566406,644.0,-73.33283996582031,-193.94700622558594,629.0,247.25390625,-27.51283836364746,711.0,-79.6036148071289,15.299344062805176,428.0,-0.0,-0.0,0.0,-0.0,-0.0,0.0,-0.0,-0.0,0.0,-0.0,-0.0,0.0,-0.0,-0.0,0.0,-0.0,-0.0,0.0,-0.0,-0.0,0.0,-0.0,-0.0,0.0,62.188785552978516,190.54112243652344,1005.0,-46.470577239990234,72.61217498779297,358.0,-0.0,-0.0,0.0,-0.0,-0.0,0.0,-0.0,-0.0,0.0,-0.0,-0.0,0.0,-0.0,-0.0,0.0,-0.0,-0.0,0.0,-0.0,-0.0,0.0,-0.0,-0.0,0.0
142.49888610839844,-210.6520233154297,614.0,-0.0,-0.0,0.0,153.6408233642578,-236.41114807128906,602.0,157.6199493408203,-235.415283203125,602.0,-0.0,-0.0,0.0,-0.0,-0.0,0.0,-0.0,-0.0,0.0,145.16847229003906,-239.19493103027344,604.0,-0.0,-0.0,0.0,134.3328399658203,-192.59979248046875,628.0,107.68447875976562,-200.7786407470703,618.0,149.925537109375,-172.47238159179688,646.0,-72.40837860107422,-195.29754638671875,630.0,247.3805694580078,-21.540639877319336,708.0,-77.82373809814453,16.63728904724121,426.0,-0.0,-0.0,0.0,-0.0,-0.0,0.0,-0.0,-0.0,0.0,-0.0,-0.0,0.0,-0.0,-0.0,0.0,-0.0,-0.0,0.0,-0.0,-0.0,0.0,-0.0,-0.0,0.0,62.436302185058594,192.96864318847656,1009.0,-47.19361877441406,72.22112274169922,359.0,-0.0,-0.0,0.0,-0.0,-0.0,0.0,-0.0,-0.0,0.0,-0.0,-0.0,0.0,-0.0,-0.0,0.0,-0.0,-0.0,0.0,-0.0,-0.0,0.0,-0.0,-0.0,0.0
143.35116577148438,-215.98878479003906,609.0,-0.0,-0.0,0.0,-0.0,-0.0,0.0,161.1378631591797,-240.19410705566406,604.0,-0.0,-0.0,0.0,-0.0,-0.0,0.0,-0.0,-0.0,0.0,-0.0,-0.0,0.0,-0.0,-0.0,0.0,137.22720336914062,-194.3675537109375,627.0,109.54936981201172,-202.4951171875,617.0,148.6276092529297,-174.3394012451172,645.0,-73.5660171508789,-194.56369018554688,631.0,246.90614318847656,-25.125080108642578,710.0,-77.82373809814453,16.63728904724121,426.0,-0.0,-0.0,0.0,-0.0,-0.0,0.0,-0.0,-0.0,0.0,-0.0,-0.0,0.0,-0.0,-0.0,0.0,-0.0,-0.0,0.0,-0.0,-0.0,0.0,-0.0,-0.0,0.0,62.188785552978516,187.21603393554688,1005.0,-48.110557556152344,72.40934753417969,357.0,-0.0,-0.0,0.0,-0.0,-0.0,0.0,-0.0,-0.0,0.0,-0.0,-0.0,0.0,-0.0,-0.0,0.0,-0.0,-0.0,0.0,-0.0,-0.0,0.0,-0.0,-0.0,0.0
143.0460205078125,-210.978271484375,612.0,151.3993377685547,-238.00686645507812,601.0,155.3718719482422,-236.01844787597656,601.0,161.6714324951172,-236.97950744628906,606.0,-0.0,-0.0,0.0,-0.0,-0.0,0.0,-0.0,-0.0,0.0,146.67735290527344,-239.3987579345703,602.0,-0.0,-0.0,0.0,137.0083465576172,-194.05755615234375,626.0,110.92735290527344,-201.10353088378906,619.0,148.6276092529297,-174.3394012451172,645.0,-70.54953002929688,-196.96302795410156,632.0,247.60165405273438,-26.37369728088379,712.0,-80.34757232666016,11.869107246398926,432.0,-0.0,-0.0,0.0,-0.0,-0.0,0.0,-0.0,-0.0,0.0,-0.0,-0.0,0.0,-0.0,-0.0,0.0,-0.0,-0.0,0.0,-0.0,-0.0,0.0,-0.0,-0.0,0.0,65.6406021118164,189.25445556640625,1007.0,-45.7508430480957,73.59049224853516,357.0,-0.0,-0.0,0.0,-0.0,-0.0,0.0,-0.0,-0.0,0.0,-0.0,-0.0,0.0,-0.0,-0.0,0.0,-0.0,-0.0,0.0,-0.0,-0.0,0.0,-0.0,-0.0,0.0
141.4098663330078,-219.5742950439453,605.0,-0.0,-0.0,0.0,-0.0,-0.0,0.0,-0.0,-0.0,0.0,-0.0,-0.0,0.0,-0.0,-0.0,0.0,-0.0,-0.0,0.0,-0.0,-0.0,0.0,-0.0,-0.0,0.0,135.10507202148438,-197.9623565673828,622.0,108.3539047241211,-204.20498657226562,616.0,147.561767578125,-174.3394012451172,645.0,-72.5233154296875,-195.6075439453125,631.0,248.66232299804688,-22.61562728881836,705.0,-77.66288757324219,14.625408172607422,429.0,-0.0,-0.0,0.0,-0.0,-0.0,0.0,-0.0,-0.0,0.0,-0.0,-0.0,0.0,-0.0,-0.0,0.0,-0.0,-0.0,0.0,-0.0,-0.0,0.0,-0.0,-0.0,0.0,67.50514221191406,186.47665405273438,1010.0,-46.13530349731445,71.8267593383789,360.0,-0.0,-0.0,0.0,-0.0,-0.0,0.0,-0.0,-0.0,0.0,-0.0,-0.0,0.0,-0.0,-0.0,0.0,-0.0,-0.0,0.0,-0.0,-0.0,0.0,-0.0,-0.0,0.0
143.51348876953125,-206.58914184570312,614.0,150.40621948242188,-229.05894470214844,601.0,154.3787384033203,-228.06472778320312,601.0,158.87820434570312,-227.82615661621094,603.0,-0.0,-0.0,0.0,-0.0,-0.0,0.0,-0.0,-0.0,0.0,143.93170166015625,-232.8137664794922,603.0,-0.0,-0.0,0.0,135.37059020996094,-190.52203369140625,628.0,110.4371337890625,-196.9333953857422,622.0,176.1590118408203,-199.2095947265625,770.0,-71.36732482910156,-194.25535583496094,630.0,247.95689392089844,-15.573760032653809,703.0,-78.20598602294922,11.869107246398926,432.0,-0.0,-0.0,0.0,-0.0,0.0,0.0,-0.0,-0.0,0.0,-0.0,-0.0,0.0,-0.0,-0.0,0.0,-0.0,-0.0,0.0,-0.0,-0.0,0.0,-0.0,-0.0,0.0,65.6406021118164,187.58860778808594,1007.0,-48.51484680175781,71.2312240600586,360.0,-0.0,-0.0,0.0,-0.0,-0.0,0.0,-0.0,-0.0,0.0,-0.0,-0.0,0.0,-0.0,-0.0,0.0,-0.0,-0.0,0.0,-0.0,-0.0,0.0,-0.0,-0.0,0.0
142.40960693359375,-216.57179260253906,605.0,-0.0,-0.0,0.0,-0.0,-0.0,0.0,-0.0,-0.0,0.0,-0.0,-0.0,0.0,-0.0,-0.0,0.0,-0.0,-0.0,0.0,-0.0,-0.0,0.0,-0.0,-0.0,0.0,137.6017608642578,-196.5343475341797,624.0,110.56893920898438,-202.4951171875,617.0,149.08847045898438,-170.5987548828125,647.0,-71.48060607910156,-196.65138244628906,631.0,248.76422119140625,-20.196794509887695,702.0,-79.44937133789062,12.554622650146484,431.0,-0.0,-0.0,0.0,-0.0,0.0,0.0,-0.0,-0.0,0.0,-0.0,-0.0,0.0,-0.0,-0.0,0.0,-0.0,-0.0,0.0,-0.0,-0.0,0.0,-0.0,-0.0,0.0,68.96865844726562,185.92276000976562,1007.0,-44.945533752441406,71.8267593383789,360.0,-0.0,-0.0,0.0,-0.0,-0.0,0.0,-0.0,-0.0,0.0,-0.0,-0.0,0.0,-0.0,-0.0,0.0,-0.0,-0.0,0.0,-0.0,-0.0,0.0,-0.0,-0.0,0.0
140.33212280273438,-211.958984375,609.0,147.92605590820312,-237.21482849121094,599.0,151.88536071777344,-234.2421112060547,599.0,158.14361572265625,-235.19821166992188,604.0,-0.0,-0.0,0.0,-0.0,-0.0,0.0,-0.0,-0.0,0.0,143.45431518554688,-235.02423095703125,601.0,-0.0,-0.0,0.0,135.155029296875,-194.3675537109375,627.0,109.72692108154297,-200.7786407470703,618.0,177.66184997558594,-200.74374389648438,771.0,-71.48060607910156,-195.6075439453125,631.0,249.56822204589844,-17.848739624023438,701.0,-78.91985321044922,11.869107246398926,432.0,-0.0,-0.0,0.0,-0.0,-0.0,0.0,-0.0,-0.0,0.0,-0.0,-0.0,0.0,-0.0,-0.0,0.0,-0.0,-0.0,0.0,-0.0,-0.0,0.0,-0.0,-0.0,0.0,67.43830871582031,189.63034057617188,1009.0,-46.60038375854492,72.22112274169922,359.0,-0.0,-0.0,0.0,-0.0,-0.0,0.0,-0.0,-0.0,0.0,-0.0,-0.0,0.0,-0.0,-0.0,0.0,-0.0,-0.0,0.0,-0.0,-0.0,0.0,-0.0,-0.0,0.0
143.35116577148438,-210.9515380859375,609.0,151.3782196044922,-237.410400390625,597.0,157.8817901611328,-236.80386352539062,603.0,165.08876037597656,-240.49900817871094,615.0,-0.0,-0.0,0.0,-0.0,-0.0,0.0,-0.0,-0.0,0.0,145.9464111328125,-236.2239227294922,599.0,-0.0,-0.0,0.0,137.22720336914062,-194.3675537109375,627.0,110.56893920898438,-201.4744415283203,617.0,150.15762329101562,-169.5284423828125,647.0,-71.48060607910156,-195.6075439453125,631.0,249.65357971191406,-14.308314323425293,698.0,-78.20598602294922,12.583751678466797,432.0,-0.0,-0.0,0.0,-0.0,0.0,0.0,-0.0,-0.0,0.0,-0.0,-0.0,0.0,-0.0,-0.0,0.0,-0.0,-0.0,0.0,-0.0,-0.0,0.0,-0.0,-0.0,0.0,69.03714752197266,194.4449005126953,1008.0,-47.06216049194336,72.61217498779297,358.0,-0.0,-0.0,0.0,-0.0,-0.0,0.0,-0.0,-0.0,0.0,-0.0,-0.0,0.0,-0.0,-0.0,0.0,-0.0,-0.0,0.0,-0.0,-0.0,0.0,-0.0,-0.0,0.0
141.570556640625,-210.28880310058594,610.0,149.40518188476562,-234.44760131835938,597.0,153.60813903808594,-232.86181640625,598.0,159.93212890625,-234.35813903808594,607.0,-0.0,-0.0,0.0,-0.0,-0.0,0.0,-0.0,-0.0,0.0,143.2156219482422,-235.625732421875,600.0,-0.0,-0.0,0.0,135.155029296875,-194.3675537109375,627.0,108.88159942626953,-200.07952880859375,619.0,148.166748046875,-170.6077423095703,643.0,-72.5233154296875,-195.6075439453125,631.0,248.199462890625,-21.510215759277344,707.0,-79.10253143310547,11.180283546447754,433.0,-0.0,-0.0,0.0,-0.0,0.0,0.0,-0.0,-0.0,0.0,-0.0,-0.0,0.0,-0.0,-0.0,0.0,-0.0,-0.0,0.0,-0.0,-0.0,0.0,-0.0,-0.0,0.0,65.5754165649414,194.05909729003906,1006.0,-47.06216049194336,72.61217498779297,358.0,-0.0,-0.0,0.0,-0.0,-0.0,0.0,-0.0,-0.0,0.0,-0.0,-0.0,0.0,-0.0,-0.0,0.0,-0.0,-0.0,0.0,-0.0,-0.0,0.0,-0.0,-0.0,0.0
140.4749298095703,-217.1283416748047,601.0,-0.0,-0.0,0.0,-0.0,-0.0,0.0,-0.0,-0.0,0.0,-0.0,-0.0,0.0,-0.0,-0.0,0.0,-0.0,-0.0,0.0,141.9871063232422,-238.2057342529297,599.0,-0.0,-0.0,0.0,133.86167907714844,-197.6440887451172,621.0,109.19426727294922,-204.89085388183594,615.0,148.39718627929688,-171.93841552734375,644.0,-73.68260192871094,-195.91754150390625,632.0,247.49734497070312,-21.449365615844727,705.0,-78.55448150634766,13.948164939880371,430.0,-0.0,-0.0,0.0,-0.0,0.0,0.0,-0.0,-0.0,0.0,-0.0,-0.0,0.0,-0.0,-0.0,0.0,-0.0,-0.0,0.0,-0.0,-0.0,0.0,-0.0,-0.0,0.0,69.10563659667969,184.62286376953125,1009.0,-48.4524040222168,69.61405944824219,364.0,-0.0,-0.0,0.0,-0.0,-0.0,0.0,-0.0,-0.0,0.0,-0.0,-0.0,0.0,-0.0,-0.0,0.0,-0.0,-0.0,0.0,-0.0,-0.0,0.0,-0.0,-0.0,0.0
142.93527221679688,-215.85585021972656,603.0,-0.0,-0.0,0.0,-0.0,-0.0,0.0,161.93821716308594,-241.38711547851562,607.0,-0.0,-0.0,0.0,-0.0,-0.0,0.0,-0.0,-0.0,0.0,-0.0,-0.0,0.0,-0.0,-0.0,0.0,136.57061767578125,-197.56661987304688,624.0,110.21053314208984,-203.8734893798828,615.0,149.69345092773438,-171.13839721679688,645.0,-73.5660171508789,-195.6075439453125,631.0,249.11859130859375,-21.38851547241211,703.0,-78.55448150634766,13.948164939880371,430.0,-0.0,-0.0,0.0,-0.0,-0.0,0.0,-0.0,-0.0,0.0,-0.0,-0.0,0.0,-0.0,-0.0,0.0,-0.0,-0.0,0.0,-0.0,-0.0,0.0,-0.0,-0.0,0.0,65.90133666992188,183.3163604736328,1011.0,-48.4524040222168,69.01190948486328,364.0,-0.0,-0.0,0.0,-0.0,-0.0,0.0,-0.0,-0.0,0.0,-0.0,-0.0,0.0,-0.0,-0.0,0.0,-0.0,-0.0,0.0,-0.0,-0.0,0.0,-0.0,-0.0,0.0
142.40960693359375,-212.56846618652344,605.0,-0.0,-0.0,0.0,-0.0,-0.0,0.0,-0.0,-0.0,0.0,-0.0,-0.0,0.0,-0.0,-0.0,0.0,-0.0,-0.0,0.0,-0.0,-0.0,0.0,-0.0,-0.0,0.0,134.93946838378906,-195.09312438964844,626.0,109.54936981201172,-201.4744415283203,617.0,147.33299255371094,-169.80772399902344,644.0,-71.36732482910156,-194.25535583496094,630.0,247.84840393066406,-21.47978973388672,706.0,-77.49211883544922,12.583751678466797,432.0,-0.0,-0.0,0.0,-0.0,0.0,0.0,-0.0,-0.0,0.0,-0.0,-0.0,0.0,-0.0,-0.0,0.0,-0.0,-0.0,0.0,-0.0,-0.0,0.0,-0.0,-0.0,0.0,65.90133666992188,181.6438751220703,1011.0,-47.37922286987305,68.59769439697266,365.0,-0.0,-0.0,0.0,-0.0,-0.0,0.0,-0.0,-0.0,0.0,-0.0,-0.0,0.0,-0.0,-0.0,0.0,-0.0,-0.0,0.0,-0.0,-0.0,0.0,-0.0,-0.0,0.0
142.111083984375,-210.6051483154297,608.0,149.40518188476562,-235.43519592285156,597.0,153.86500549316406,-233.25120544433594,599.0,158.14361572265625,-234.19903564453125,604.0,-0.0,-0.0,0.0,-0.0,-0.0,0.0,-0.0,-0.0,0.0,141.232666015625,-234.6331787109375,600.0,-0.0,-0.0,0.0,133.905029296875,-195.09312438964844,626.0,108.70570373535156,-200.7786407470703,618.0,148.39718627929688,-169.80772399902344,644.0,-72.5233154296875,-194.56369018554688,631.0,248.30960083007812,-19.08972930908203,704.0,-78.38701629638672,11.896581649780273,433.0,-0.0,-0.0,0.0,-0.0,0.0,0.0,-0.0,-0.0,0.0,-0.0,-0.0,0.0,-0.0,-0.0,0.0,-0.0,-0.0,0.0,-0.0,-0.0,0.0,-0.0,-0.0,0.0,65.83615112304688,179.79339599609375,1010.0,-47.37922286987305,68.59769439697266,365.0,-0.0,-0.0,0.0,-0.0,-0.0,0.0,-0.0,-0.0,0.0,-0.0,-0.0,0.0,-0.0,-0.0,0.0,-0.0,-0.0,0.0,-0.0,-0.0,0.0,-0.0,-0.0,0.0
142.46119689941406,-215.13992309570312,601.0,-0.0,-0.0,0.0,-0.0,-0.0,0.0,-0.0,-0.0,0.0,-0.0,-0.0,0.0,-0.0,-0.0,0.0,-0.0,-0.0,0.0,-0.0,-0.0,0.0,-0.0,-0.0,0.0,136.78948974609375,-196.8493194580078,625.0,109.54936981201172,-202.4951171875,617.0,149.2292938232422,-171.6714324951172,643.0,-75.53153228759766,-191.1287841796875,630.0,248.66232299804688,-23.781885147094727,705.0,-76.77460479736328,15.299344062805176,428.0,-0.0,-0.0,0.0,-0.0,-0.0,0.0,-0.0,-0.0,0.0,-0.0,-0.0,0.0,-0.0,-0.0,0.0,-0.0,-0.0,0.0,-0.0,-0.0,0.0,-0.0,-0.0,0.0,66.09689331054688,173.79574584960938,1014.0,-48.50820541381836,66.29731750488281,369.0,-0.0,-0.0,0.0,-0.0,-0.0,0.0,-0.0,-0.0,0.0,-0.0,-0.0,0.0,-0.0,-0.0,0.0,-0.0,-0.0,0.0,-0.0,-0.0,0.0,-0.0,-0.0,0.0
140.24119567871094,-217.75962829589844,600.0,-0.0,-0.0,0.0,-0.0,-0.0,0.0,-0.0,-0.0,0.0,-0.0,-0.0,0.0,-0.0,-0.0,0.0,-0.0,-0.0,0.0,-0.0,-0.0,0.0,-0.0,-0.0,0.0,135.47630310058594,-200.07952880859375,619.0,109.19426727294922,-205.90823364257812,615.0,149.8243408203125,-172.19784545898438,641.0,-72.5233154296875,-195.6075439453125,631.0,249.11859130859375,-20.22556495666504,703.0,-78.20964050292969,8.372699737548828,436.0,-0.0,-0.0,0.0,-0.0,0.0,0.0,-0.0,-0.0,0.0,-0.0,-0.0,0.0,-0.0,-0.0,0.0,-0.0,-0.0,0.0,-0.0,-0.0,0.0,-0.0,-0.0,0.0,69.24261474609375,179.97140502929688,1011.0,-47.89844512939453,66.90775299072266,369.0,-0.0,-0.0,0.0,-0.0,-0.0,0.0,-0.0,-0.0,0.0,-0.0,-0.0,0.0,-0.0,-0.0,0.0,-0.0,-0.0,0.0,-0.0,-0.0,0.0,-0.0,-0.0,0.0
138.48867797851562,-217.1283416748047,601.0,-0.0,-0.0,0.0,-0.0,-0.0,0.0,-0.0,-0.0,0.0,-0.0,-0.0,0.0,-0.0,-0.0,0.0,-0.0,-0.0,0.0,-0.0,-0.0,0.0,-0.0,-0.0,0.0,133.04940795898438,-197.9623565673828,622.0,107.16173553466797,-204.89085388183594,615.0,146.41787719726562,-171.92919921875,640.0,-73.68260192871094,-196.96302795410156,632.0,247.84840393066406,-21.47978973388672,706.0,-77.85088348388672,10.488151550292969,434.0,-0.0,-0.0,0.0,-0.0,-0.0,0.0,-0.0,-0.0,0.0,-0.0,-0.0,0.0,-0.0,-0.0,0.0,-0.0,-0.0,0.0,-0.0,-0.0,0.0,-0.0,-0.0,0.0,65.96652221679688,178.47531127929688,1012.0,-48.376747131347656,67.33519744873047,368.0,-0.0,-0.0,0.0,-0.0,-0.0,0.0,-0.0,-0.0,0.0,-0.0,-0.0,0.0,-0.0,-0.0,0.0,-0.0,-0.0,0.0,-0.0,-0.0,0.0,-0.0,-0.0,0.0
141.9871063232422,-217.39669799804688,599.0,-0.0,-0.0,0.0,-0.0,-0.0,0.0,-0.0,-0.0,0.0,-0.0,-0.0,0.0,-0.0,-0.0,0.0,-0.0,-0.0,0.0,-0.0,-0.0,0.0,-0.0,-0.0,0.0,135.10507202148438,-198.99131774902344,622.0,109.19426727294922,-204.89085388183594,615.0,146.8754425048828,-172.46649169921875,642.0,-72.63825225830078,-196.96302795410156,632.0,247.3805694580078,-22.711862564086914,708.0,-78.74908447265625,9.792710304260254,435.0,-0.0,-0.0,0.0,-0.0,0.0,0.0,-0.0,-0.0,0.0,-0.0,-0.0,0.0,-0.0,-0.0,0.0,-0.0,-0.0,0.0,-0.0,-0.0,0.0,-0.0,-0.0,0.0,64.23069763183594,176.62648010253906,1011.0,-48.376747131347656,67.33519744873047,368.0,-0.0,-0.0,0.0,-0.0,-0.0,0.0,-0.0,-0.0,0.0,-0.0,-0.0,0.0,-0.0,-0.0,0.0,-0.0,-0.0,0.0,-0.0,-0.0,0.0,-0.0,-0.0,0.0
140.87429809570312,-211.2628936767578,607.0,-0.0,-0.0,0.0,156.4059600830078,-239.5909423828125,605.0,164.91217041015625,-245.29429626464844,622.0,-0.0,-0.0,0.0,-0.0,-0.0,0.0,-0.0,-0.0,0.0,-0.0,-0.0,0.0,-0.0,-0.0,0.0,134.93946838378906,-195.09312438964844,626.0,107.85872650146484,-200.07952880859375,619.0,148.39718627929688,-173.00376892089844,644.0,-73.5660171508789,-193.5198516845703,631.0,248.55052185058594,-22.711862564086914,708.0,-77.85088348388672,9.770197868347168,434.0,-0.0,-0.0,0.0,-0.0,0.0,0.0,-0.0,-0.0,0.0,-0.0,-0.0,0.0,-0.0,-0.0,0.0,-0.0,-0.0,0.0,-0.0,-0.0,0.0,-0.0,-0.0,0.0,67.70565032958984,175.3001251220703,1013.0,-48.02825164794922,65.86490631103516,370.0,-0.0,-0.0,0.0,-0.0,-0.0,0.0,-0.0,-0.0,0.0,-0.0,-0.0,0.0,-0.0,-0.0,0.0,-0.0,-0.0,0.0,-0.0,-0.0,0.0,-0.0,-0.0,0.0
140.64222717285156,-211.91732788085938,606.0,148.17005920410156,-237.01272583007812,596.0,154.3787384033203,-236.01844787597656,601.0,161.24952697753906,-239.32583618164062,612.0,-0.0,-0.0,0.0,-0.0,-0.0,0.0,-0.0,-0.0,0.0,143.24571228027344,-234.05490112304688,596.0,-0.0,-0.0,0.0,133.6911163330078,-196.8493194580078,625.0,107.5102310180664,-202.4951171875,617.0,148.99720764160156,-171.40444946289062,642.0,-73.5660171508789,-194.56369018554688,631.0,248.4098663330078,-16.689096450805664,701.0,-79.46790313720703,10.512317657470703,435.0,-0.0,-0.0,0.0,-0.0,-0.0,0.0,-0.0,-0.0,0.0,-0.0,-0.0,0.0,-0.0,-0.0,0.0,-0.0,-0.0,0.0,-0.0,-0.0,0.0,-0.0,-0.0,0.0,65.90133666992188,174.9540252685547,1011.0,-48.02825164794922,66.47698974609375,370.0,-0.0,-0.0,0.0,-0.0,-0.0,0.0,-0.0,-0.0,0.0,-0.0,-0.0,0.0,-0.0,-0.0,0.0,-0.0,-0.0,0.0,-0.0,-0.0,0.0,-0.0,-0.0,0.0
141.17613220214844,-214.21546936035156,604.0,-0.0,-0.0,0.0,-0.0,-0.0,0.0,-0.0,-0.0,0.0,-0.0,-0.0,0.0,-0.0,-0.0,0.0,-0.0,-0.0,0.0,-0.0,-0.0,0.0,-0.0,-0.0,0.0,134.50836181640625,-196.5343475341797,624.0,106.49066925048828,-203.51580810546875,617.0,179.16798400878906,-206.11251831054688,772.0,-72.75318145751953,-197.27468872070312,633.0,249.56822204589844,-19.008380889892578,701.0,-78.03025817871094,9.792710304260254,435.0,-0.0,-0.0,0.0,-0.0,-0.0,0.0,-0.0,-0.0,0.0,-0.0,-0.0,0.0,-0.0,-0.0,0.0,-0.0,-0.0,0.0,-0.0,-0.0,0.0,-0.0,-0.0,0.0,66.16207122802734,173.96713256835938,1015.0,-49.03403854370117,64.54782104492188,373.0,-0.0,-0.0,0.0,-0.0,-0.0,0.0,-0.0,-0.0,0.0,-0.0,-0.0,0.0,-0.0,-0.0,0.0,-0.0,-0.0,0.0,-0.0,-0.0,0.0,-0.0,-0.0,0.0
139.71388244628906,-215.4978790283203,602.0,-0.0,-0.0,0.0,-0.0,-0.0,0.0,-0.0,-0.0,0.0,-0.0,-0.0,0.0,-0.0,-0.0,0.0,-0.0,-0.0,0.0,-0.0,-0.0,0.0,-0.0,-0.0,0.0,134.07723999023438,-197.9623565673828,622.0,107.16173553466797,-205.90823364257812,615.0,180.20993041992188,-204.57008361816406,771.0,-73.79918670654297,-196.22752380371094,633.0,250.36892700195312,-16.6652889251709,700.0,-77.31143951416016,10.512317657470703,435.0,-0.0,-0.0,0.0,-0.0,-0.0,0.0,-0.0,-0.0,0.0,-0.0,-0.0,0.0,-0.0,-0.0,0.0,-0.0,-0.0,0.0,-0.0,-0.0,0.0,-0.0,-0.0,0.0,65.96652221679688,173.4529571533203,1012.0,-49.03403854370117,64.54782104492188,373.0,-0.0,-0.0,0.0,-0.0,-0.0,0.0,-0.0,-0.0,0.0,-0.0,-0.0,0.0,-0.0,-0.0,0.0,-0.0,-0.0,0.0,-0.0,-0.0,0.0,-0.0,-0.0,0.0
138.8682098388672,-212.26702880859375,607.0,-0.0,-0.0,0.0,156.4059600830078,-239.5909423828125,605.0,163.5865020751953,-243.32247924804688,617.0,-0.0,-0.0,0.0,-0.0,-0.0,0.0,-0.0,-0.0,0.0,146.2003173828125,-237.01272583007812,596.0,-0.0,-0.0,0.0,132.6583251953125,-195.81539916992188,625.0,105.64204406738281,-201.8009796142578,618.0,149.2292938232422,-171.6714324951172,643.0,-73.44943237304688,-192.1709747314453,630.0,248.66232299804688,-22.61562728881836,705.0,-77.67150115966797,11.896581649780273,433.0,-0.0,-0.0,0.0,-0.0,0.0,0.0,-0.0,-0.0,0.0,-0.0,-0.0,0.0,-0.0,-0.0,0.0,-0.0,-0.0,0.0,-0.0,-0.0,0.0,-0.0,-0.0,0.0,67.57197570800781,179.97140502929688,1011.0,-48.02825164794922,66.47698974609375,370.0,-0.0,-0.0,0.0,-0.0,-0.0,0.0,-0.0,-0.0,0.0,-0.0,-0.0,0.0,-0.0,-0.0,0.0,-0.0,-0.0,0.0,-0.0,-0.0,0.0,-0.0,-0.0,0.0
140.4749298095703,-214.1457061767578,601.0,-0.0,-0.0,0.0,-0.0,-0.0,0.0,-0.0,-0.0,0.0,-0.0,-0.0,0.0,-0.0,-0.0,0.0,-0.0,-0.0,0.0,-0.0,-0.0,0.0,-0.0,-0.0,0.0,134.8878631591797,-199.69869995117188,621.0,109.19426727294922,-204.89085388183594,615.0,179.16798400878906,-206.11251831054688,772.0,-75.89120483398438,-197.27468872070312,633.0,249.2122039794922,-15.50730037689209,700.0,-78.03025817871094,10.512317657470703,435.0,-0.0,-0.0,0.0,-0.0,0.0,0.0,-0.0,-0.0,0.0,-0.0,-0.0,0.0,-0.0,-0.0,0.0,-0.0,-0.0,0.0,-0.0,-0.0,0.0,-0.0,-0.0,0.0,62.74570083618164,175.47317504882812,1014.0,-51.36144256591797,64.37477111816406,372.0,-0.0,-0.0,0.0,-0.0,-0.0,0.0,-0.0,-0.0,0.0,-0.0,-0.0,0.0,-0.0,-0.0,0.0,-0.0,-0.0,0.0,-0.0,-0.0,0.0,-0.0,-0.0,0.0
141.9871063232422,-215.41488647460938,599.0,-0.0,-0.0,0.0,-0.0,-0.0,0.0,-0.0,-0.0,0.0,-0.0,-0.0,0.0,-0.0,-0.0,0.0,-0.0,-0.0,0.0,-0.0,-0.0,0.0,-0.0,-0.0,0.0,135.47630310058594,-200.07952880859375,619.0,110.03133392333984,-205.57342529296875,614.0,149.35687255859375,-172.7176513671875,639.0,-75.89120483398438,-195.1803741455078,633.0,248.30960083007812,-19.08972930908203,704.0,-77.48916625976562,9.093960762023926,436.0,-0.0,-0.0,0.0,-0.0,-0.0,0.0,-0.0,-0.0,0.0,-0.0,-0.0,0.0,-0.0,-0.0,0.0,-0.0,-0.0,0.0,-0.0,-0.0,0.0,-0.0,-0.0,0.0,64.35775756835938,178.65167236328125,1013.0,-50.746726989746094,63.75938415527344,372.0,-0.0,-0.0,0.0,-0.0,-0.0,0.0,-0.0,-0.0,0.0,-0.0,-0.0,0.0,-0.0,-0.0,0.0,-0.0,-0.0,0.0,-0.0,-0.0,0.0,-0.0,-0.0,0.0
140.99728393554688,-217.39669799804688,599.0,-0.0,-0.0,0.0,-0.0,-0.0,0.0,-0.0,-0.0,0.0,-0.0,-0.0,0.0,-0.0,-0.0,0.0,-0.0,-0.0,0.0,-0.0,-0.0,0.0,-0.0,-0.0,0.0,134.8878631591797,-198.67140197753906,621.0,109.19426727294922,-204.89085388183594,615.0,147.9363250732422,-171.40444946289062,642.0,-72.5233154296875,-195.6075439453125,631.0,248.66232299804688,-21.449365615844727,705.0,-77.85088348388672,11.206104278564453,434.0,-0.0,-0.0,0.0,-0.0,-0.0,0.0,-0.0,-0.0,0.0,-0.0,-0.0,0.0,-0.0,-0.0,0.0,-0.0,-0.0,0.0,-0.0,-0.0,0.0,-0.0,-0.0,0.0,64.16716766357422,179.79339599609375,1010.0,-48.98484802246094,67.33519744873047,368.0,-0.0,-0.0,0.0,-0.0,-0.0,0.0,-0.0,-0.0,0.0,-0.0,-0.0,0.0,-0.0,-0.0,0.0,-0.0,-0.0,0.0,-0.0,-0.0,0.0,-0.0,-0.0,0.0
140.24119567871094,-214.78195190429688,600.0,-0.0,-0.0,0.0,-0.0,-0.0,0.0,-0.0,-0.0,0.0,-0.0,-0.0,0.0,-0.0,-0.0,0.0,-0.0,-0.0,0.0,-0.0,-0.0,0.0,-0.0,-0.0,0.0,133.2150115966797,-199.7563018798828,618.0,109.19426727294922,-204.89085388183594,615.0,147.9363250732422,-172.46649169921875,642.0,-74.60871887207031,-193.5198516845703,631.0,247.3805694580078,-25.054306030273438,708.0,-77.31143951416016,9.792710304260254,435.0,-0.0,-0.0,0.0,-0.0,0.0,0.0,-0.0,-0.0,0.0,-0.0,-0.0,0.0,-0.0,-0.0,0.0,-0.0,-0.0,0.0,-0.0,-0.0,0.0,-0.0,-0.0,0.0,59.16020965576172,176.4517822265625,1010.0,-50.947235107421875,66.29731750488281,369.0,-0.0,-0.0,0.0,-0.0,-0.0,0.0,-0.0,-0.0,0.0,-0.0,-0.0,0.0,-0.0,-0.0,0.0,-0.0,-0.0,0.0,-0.0,-0.0,0.0,-0.0,-0.0,0.0
140.87429809570312,-211.2628936767578,607.0,-0.0,-0.0,0.0,151.88536071777344,-235.23301696777344,599.0,159.22691345214844,-238.3134307861328,612.0,-0.0,-0.0,0.0,-0.0,-0.0,0.0,-0.0,-0.0,0.0,140.52650451660156,-236.4228057861328,597.0,-0.0,-0.0,0.0,133.6911163330078,-194.78147888183594,625.0,107.85872650146484,-200.07952880859375,619.0,179.16798400878906,-206.11251831054688,772.0,-73.68260192871094,-193.8265380859375,632.0,249.01502990722656,-23.81561851501465,706.0,-76.95598602294922,11.896581649780273,433.0,-0.0,-0.0,0.0,-0.0,-0.0,0.0,-0.0,-0.0,0.0,-0.0,-0.0,0.0,-0.0,-0.0,0.0,-0.0,-0.0,0.0,-0.0,-0.0,0.0,-0.0,-0.0,0.0,55.7669677734375,172.9387664794922,1009.0,-51.36144256591797,64.37477111816406,372.0,-0.0,-0.0,0.0,-0.0,-0.0,0.0,-0.0,-0.0,0.0,-0.0,-0.0,0.0,-0.0,-0.0,0.0,-0.0,-0.0,0.0,-0.0,-0.0,0.0,-0.0,-0.0,0.0
138.09228515625,-210.6051483154297,608.0,144.9718017578125,-234.64646911621094,595.0,150.13978576660156,-234.05490112304688,596.0,157.44004821777344,-238.1526641845703,609.0,-0.0,-0.0,0.0,-0.0,-0.0,0.0,-0.0,-0.0,0.0,140.29112243652344,-236.0267791748047,596.0,-0.0,-0.0,0.0,131.41494750976562,-194.46983337402344,624.0,104.79010772705078,-199.0555419921875,619.0,147.4754638671875,-174.04666137695312,640.0,-74.60871887207031,-192.47601318359375,631.0,249.11859130859375,-24.877368927001953,703.0,-78.20598602294922,12.583751678466797,432.0,-0.0,-0.0,0.0,-0.0,-0.0,0.0,-0.0,-0.0,0.0,-0.0,-0.0,0.0,-0.0,-0.0,0.0,-0.0,-0.0,0.0,-0.0,-0.0,0.0,-0.0,-0.0,0.0,53.08091354370117,163.13131713867188,990.0,-52.39531707763672,61.79216766357422,375.0,-0.0,-0.0,0.0,-0.0,-0.0,0.0,-0.0,-0.0,0.0,-0.0,-0.0,0.0,-0.0,-0.0,0.0,-0.0,-0.0,0.0,-0.0,-0.0,0.0,-0.0,-0.0,0.0
138.63943481445312,-211.91732788085938,606.0,-0.0,-0.0,0.0,153.8960418701172,-238.7989044189453,603.0,162.3328399658203,-243.47991943359375,620.0,-0.0,-0.0,0.0,-0.0,-0.0,0.0,-0.0,-0.0,0.0,142.0221710205078,-235.63076782226562,595.0,-0.0,-0.0,0.0,132.6583251953125,-195.81539916992188,625.0,105.47109985351562,-201.4744415283203,617.0,145.3603057861328,-172.98794555664062,640.0,-72.75318145751953,-193.08607482910156,633.0,248.199462890625,-22.679784774780273,707.0,-77.49211883544922,12.583751678466797,432.0,-0.0,-0.0,0.0,-0.0,-0.0,0.0,-0.0,-0.0,0.0,-0.0,-0.0,0.0,-0.0,-0.0,0.0,-0.0,-0.0,0.0,-0.0,-0.0,0.0,-0.0,-0.0,0.0,57.60506820678711,176.8011932373047,1012.0,-50.746726989746094,64.99015808105469,372.0,-0.0,-0.0,0.0,-0.0,-0.0,0.0,-0.0,-0.0,0.0,-0.0,-0.0,0.0,-0.0,-0.0,0.0,-0.0,-0.0,0.0,-0.0,-0.0,0.0,-0.0,-0.0,0.0
140.1780548095703,-213.21629333496094,604.0,-0.0,-0.0,0.0,-0.0,-0.0,0.0,160.50006103515625,-242.75909423828125,613.0,-0.0,-0.0,0.0,-0.0,-0.0,0.0,-0.0,-0.0,0.0,-0.0,-0.0,0.0,-0.0,-0.0,0.0,133.4772186279297,-197.56661987304688,624.0,106.49066925048828,-201.4744415283203,617.0,146.64666748046875,-171.13746643066406,641.0,-73.5660171508789,-192.47601318359375,631.0,247.84840393066406,-20.31187629699707,706.0,-77.13336181640625,14.659500122070312,430.0,-0.0,-0.0,0.0,-0.0,-0.0,0.0,-0.0,-0.0,0.0,-0.0,-0.0,0.0,-0.0,-0.0,0.0,-0.0,-0.0,0.0,-0.0,-0.0,0.0,-0.0,-0.0,0.0,57.4912223815918,176.4517822265625,1010.0,-50.61030960083008,64.8154525756836,371.0,-0.0,-0.0,0.0,-0.0,-0.0,0.0,-0.0,-0.0,0.0,-0.0,-0.0,0.0,-0.0,-0.0,0.0,-0.0,-0.0,0.0,-0.0,-0.0,0.0,-0.0,-0.0,0.0
138.63943481445312,-211.91732788085938,606.0,-0.0,-0.0,0.0,153.38560485839844,-238.00686645507812,601.0,160.50006103515625,-240.73095703125,613.0,-0.0,-0.0,0.0,-0.0,-0.0,0.0,-0.0,-0.0,0.0,143.00537109375,-235.63076782226562,595.0,-0.0,-0.0,0.0,132.6583251953125,-195.81539916992188,625.0,105.47109985351562,-201.4744415283203,617.0,145.3603057861328,-171.92919921875,640.0,-73.68260192871094,-193.8265380859375,632.0,247.03115844726562,-22.679784774780273,707.0,-77.49211883544922,13.298396110534668,432.0,-0.0,-0.0,0.0,-0.0,-0.0,0.0,-0.0,-0.0,0.0,-0.0,-0.0,0.0,-0.0,-0.0,0.0,-0.0,-0.0,0.0,-0.0,-0.0,0.0,-0.0,-0.0,0.0,58.9844856262207,169.2642822265625,1007.0,-49.6504020690918,63.31373977661133,373.0,-0.0,-0.0,0.0,-0.0,-0.0,0.0,-0.0,-0.0,0.0,-0.0,-0.0,0.0,-0.0,-0.0,0.0,-0.0,-0.0,0.0,-0.0,-0.0,0.0,-0.0,-0.0,0.0
138.9495391845703,-213.86080932617188,603.0,-0.0,-0.0,0.0,-0.0,-0.0,0.0,161.02371215820312,-244.56849670410156,615.0,-0.0,-0.0,0.0,-0.0,-0.0,0.0,-0.0,-0.0,0.0,-0.0,-0.0,0.0,-0.0,-0.0,0.0,132.8354949951172,-197.6440887451172,621.0,106.31807708740234,-203.1859588623047,616.0,146.8754425048828,-173.5285186767578,642.0,-72.63825225830078,-192.78103637695312,632.0,247.49734497070312,-21.449365615844727,705.0,-76.60053253173828,13.26761245727539,431.0,-0.0,-0.0,0.0,-0.0,-0.0,0.0,-0.0,-0.0,0.0,-0.0,-0.0,0.0,-0.0,-0.0,0.0,-0.0,-0.0,0.0,-0.0,-0.0,0.0,-0.0,-0.0,0.0,58.9844856262207,170.93011474609375,1007.0,-49.6504020690918,64.54782104492188,373.0,-0.0,-0.0,0.0,-0.0,-0.0,0.0,-0.0,-0.0,0.0,-0.0,-0.0,0.0,-0.0,-0.0,0.0,-0.0,-0.0,0.0,-0.0,-0.0,0.0,-0.0,-0.0,0.0
140.87429809570312,-211.2628936767578,607.0,148.9046630859375,-236.61505126953125,595.0,155.14935302734375,-238.1957550048828,604.0,160.7618865966797,-241.12367248535156,614.0,-0.0,-0.0,0.0,-0.0,-0.0,0.0,-0.0,-0.0,0.0,-0.0,-0.0,0.0,-0.0,-0.0,0.0,133.4772186279297,-195.50209045410156,624.0,107.85872650146484,-200.07952880859375,619.0,143.46897888183594,-172.19784545898438,641.0,-73.68260192871094,-192.78103637695312,632.0,247.72998046875,-25.089693069458008,709.0,-75.88961791992188,17.382715225219727,427.0,-0.0,-0.0,0.0,-0.0,-0.0,0.0,-0.0,-0.0,0.0,-0.0,-0.0,0.0,-0.0,-0.0,0.0,-0.0,-0.0,0.0,-0.0,-0.0,0.0,-0.0,-0.0,0.0,59.21878433227539,181.6438751220703,1011.0,-50.2010612487793,66.72642517089844,368.0,-0.0,-0.0,0.0,-0.0,-0.0,0.0,-0.0,-0.0,0.0,-0.0,-0.0,0.0,-0.0,-0.0,0.0,-0.0,-0.0,0.0,-0.0,-0.0,0.0,-0.0,-0.0,0.0
137.63804626464844,-212.91981506347656,606.0,-0.0,-0.0,0.0,-0.0,-0.0,0.0,-0.0,-0.0,0.0,-0.0,-0.0,0.0,-0.0,-0.0,0.0,-0.0,-0.0,0.0,-0.0,-0.0,0.0,-0.0,-0.0,0.0,131.204345703125,-196.21939086914062,623.0,105.47109985351562,-201.4744415283203,617.0,145.3603057861328,-177.22286987304688,640.0,-73.79918670654297,-193.08607482910156,633.0,246.42510986328125,-29.907215118408203,712.0,-76.24507141113281,15.335090637207031,429.0,-0.0,-0.0,0.0,-0.0,-0.0,0.0,-0.0,-0.0,0.0,-0.0,-0.0,0.0,-0.0,-0.0,0.0,-0.0,-0.0,0.0,-0.0,-0.0,0.0,-0.0,-0.0,0.0,59.043060302734375,169.43235778808594,1008.0,-49.78351593017578,63.483482360839844,374.0,-0.0,-0.0,0.0,-0.0,-0.0,0.0,-0.0,-0.0,0.0,-0.0,-0.0,0.0,-0.0,-0.0,0.0,-0.0,-0.0,0.0,-0.0,-0.0,0.0,-0.0,-0.0,0.0
138.3194122314453,-210.9515380859375,609.0,145.95501708984375,-236.61505126953125,595.0,150.39169311523438,-234.44760131835938,597.0,157.44004821777344,-238.1526641845703,609.0,-0.0,-0.0,0.0,-0.0,-0.0,0.0,-0.0,-0.0,0.0,139.30625915527344,-236.0267791748047,596.0,-0.0,-0.0,0.0,130.59275817871094,-194.78147888183594,625.0,104.79010772705078,-200.07952880859375,619.0,144.75367736816406,-172.46649169921875,642.0,-73.68260192871094,-192.78103637695312,632.0,247.84840393066406,-26.151447296142578,706.0,-75.88832092285156,13.980602264404297,431.0,-0.0,-0.0,0.0,-0.0,-0.0,0.0,-0.0,-0.0,0.0,-0.0,-0.0,0.0,-0.0,-0.0,0.0,-0.0,-0.0,0.0,-0.0,-0.0,0.0,-0.0,-0.0,0.0,55.711700439453125,174.4348602294922,1008.0,-50.746726989746094,64.37477111816406,372.0,-0.0,-0.0,0.0,-0.0,-0.0,0.0,-0.0,-0.0,0.0,-0.0,-0.0,0.0,-0.0,-0.0,0.0,-0.0,-0.0,0.0,-0.0,-0.0,0.0,-0.0,-0.0,0.0
142.111083984375,-210.6051483154297,608.0,148.9046630859375,-233.6621856689453,595.0,155.14935302734375,-236.1973876953125,604.0,161.02371215820312,-239.48162841796875,615.0,-0.0,-0.0,0.0,-0.0,-0.0,0.0,-0.0,-0.0,0.0,139.5399932861328,-236.4228057861328,597.0,-0.0,-0.0,0.0,134.50836181640625,-195.50209045410156,624.0,109.90447235107422,-200.07952880859375,619.0,145.58743286132812,-170.0770721435547,641.0,-73.44943237304688,-192.1709747314453,630.0,247.49734497070312,-21.449365615844727,705.0,-75.36009979248047,16.71539878845215,428.0,-0.0,-0.0,0.0,-0.0,-0.0,0.0,-0.0,-0.0,0.0,-0.0,-0.0,0.0,-0.0,-0.0,0.0,-0.0,-0.0,0.0,-0.0,-0.0,0.0,-0.0,-0.0,0.0,57.434303283691406,172.9387664794922,1009.0,-50.746726989746094,63.75938415527344,372.0,-0.0,-0.0,0.0,-0.0,-0.0,0.0,-0.0,-0.0,0.0,-0.0,-0.0,0.0,-0.0,-0.0,0.0,-0.0,-0.0,0.0,-0.0,-0.0,0.0,-0.0,-0.0,0.0
142.34481811523438,-209.94406127929688,609.0,149.8878631591797,-232.6779022216797,595.0,157.95709228515625,-236.91326904296875,611.0,163.8843231201172,-240.14952087402344,622.0,-0.0,-0.0,0.0,-0.0,-0.0,0.0,-0.0,-0.0,0.0,140.52650451660156,-234.44760131835938,597.0,-0.0,-0.0,0.0,134.11892700195312,-194.3675537109375,627.0,108.88159942626953,-199.0555419921875,619.0,144.75367736816406,-170.3424072265625,642.0,-74.72695922851562,-191.7355499267578,632.0,247.95689392089844,-21.38851547241211,703.0,-76.06734466552734,16.007369995117188,428.0,-0.0,-0.0,0.0,-0.0,-0.0,0.0,-0.0,-0.0,0.0,-0.0,-0.0,0.0,-0.0,-0.0,0.0,-0.0,-0.0,0.0,-0.0,-0.0,0.0,-0.0,-0.0,0.0,57.54814529418945,176.62648010253906,1011.0,-51.83643341064453,64.8154525756836,371.0,-0.0,-0.0,0.0,-0.0,-0.0,0.0,-0.0,-0.0,0.0,-0.0,-0.0,0.0,-0.0,-0.0,0.0,-0.0,-0.0,0.0,-0.0,-0.0,0.0,-0.0,-0.0,0.0
137.56695556640625,-220.6212158203125,597.0,-0.0,-0.0,0.0,-0.0,-0.0,0.0,-0.0,-0.0,0.0,-0.0,-0.0,0.0,-0.0,-0.0,0.0,-0.0,-0.0,0.0,-0.0,-0.0,0.0,-0.0,-0.0,0.0,132.99945068359375,-201.4744415283203,617.0,106.81324768066406,-207.26673889160156,613.0,147.9363250732422,-173.5285186767578,642.0,-72.63825225830078,-193.8265380859375,632.0,248.66232299804688,-22.61562728881836,705.0,-75.71224975585938,14.659500122070312,430.0,-0.0,-0.0,0.0,-0.0,-0.0,0.0,-0.0,-0.0,0.0,-0.0,-0.0,0.0,-0.0,-0.0,0.0,-0.0,-0.0,0.0,-0.0,-0.0,0.0,-0.0,-0.0,0.0,58.92591094970703,165.76779174804688,1006.0,-50.67106246948242,61.956947326660156,376.0,-0.0,-0.0,0.0,-0.0,-0.0,0.0,-0.0,-0.0,0.0,-0.0,-0.0,0.0,-0.0,-0.0,0.0,-0.0,-0.0,0.0,-0.0,-0.0,0.0,-0.0,-0.0,0.0
136.04815673828125,-220.36941528320312,599.0,-0.0,-0.0,0.0,-0.0,-0.0,0.0,-0.0,-0.0,0.0,-0.0,-0.0,0.0,-0.0,-0.0,0.0,-0.0,-0.0,0.0,-0.0,-0.0,0.0,-0.0,-0.0,0.0,130.96031188964844,-201.4744415283203,617.0,104.7873306274414,-206.252685546875,613.0,147.7058868408203,-173.2582244873047,641.0,-73.68260192871094,-193.8265380859375,632.0,249.11859130859375,-23.714418411254883,703.0,-76.95598602294922,12.61288070678711,433.0,-0.0,-0.0,0.0,-0.0,0.0,0.0,-0.0,-0.0,0.0,-0.0,-0.0,0.0,-0.0,-0.0,0.0,-0.0,-0.0,0.0,-0.0,-0.0,0.0,-0.0,-0.0,0.0,60.708744049072266,167.76486206054688,1008.0,-49.42841339111328,62.578956604003906,376.0,-0.0,-0.0,0.0,-0.0,-0.0,0.0,-0.0,-0.0,0.0,-0.0,-0.0,0.0,-0.0,-0.0,0.0,-0.0,-0.0,0.0,-0.0,-0.0,0.0,-0.0,-0.0,0.0
138.3194122314453,-210.9515380859375,609.0,145.95501708984375,-233.6621856689453,595.0,151.3782196044922,-232.472412109375,597.0,158.44638061523438,-236.1377716064453,609.0,-0.0,-0.0,0.0,-0.0,-0.0,0.0,-0.0,-0.0,0.0,139.5399932861328,-234.44760131835938,597.0,-0.0,-0.0,0.0,129.35267639160156,-194.46983337402344,624.0,103.59959411621094,-199.7563018798828,618.0,145.1331787109375,-173.77471923828125,639.0,-75.77130889892578,-194.87203979492188,632.0,247.3805694580078,-26.22553062438965,708.0,-76.24047088623047,12.61288070678711,433.0,-0.0,-0.0,0.0,-0.0,0.0,0.0,-0.0,-0.0,0.0,-0.0,-0.0,0.0,-0.0,-0.0,0.0,-0.0,-0.0,0.0,-0.0,-0.0,0.0,-0.0,-0.0,0.0,58.750186920166016,165.27345275878906,1003.0,-50.67106246948242,61.956947326660156,376.0,-0.0,-0.0,0.0,-0.0,-0.0,0.0,-0.0,-0.0,0.0,-0.0,-0.0,0.0,-0.0,-0.0,0.0,-0.0,-0.0,0.0,-0.0,-0.0,0.0,-0.0,-0.0,0.0
138.09228515625,-211.61093139648438,608.0,145.95501708984375,-236.61505126953125,595.0,150.13978576660156,-234.05490112304688,596.0,154.89248657226562,-235.80633544921875,603.0,-0.0,-0.0,0.0,-0.0,-0.0,0.0,-0.0,-0.0,0.0,139.5399932861328,-236.4228057861328,597.0,-0.0,-0.0,0.0,130.38381958007812,-195.50209045410156,624.0,105.64204406738281,-200.7786407470703,618.0,144.75367736816406,-172.46649169921875,642.0,-73.68260192871094,-192.78103637695312,632.0,249.2122039794922,-16.6652889251709,700.0,-86.62921142578125,35.76870346069336,411.0,-0.0,-0.0,0.0,-0.0,-0.0,0.0,-0.0,-0.0,0.0,-0.0,-0.0,0.0,-0.0,-0.0,0.0,-0.0,-0.0,0.0,-0.0,-0.0,0.0,-0.0,-0.0,0.0,58.80876159667969,165.438232421875,1004.0,-49.165496826171875,62.864784240722656,374.0,-0.0,-0.0,0.0,-0.0,-0.0,0.0,-0.0,-0.0,0.0,-0.0,-0.0,0.0,-0.0,-0.0,0.0,-0.0,-0.0,0.0,-0.0,-0.0,0.0,-0.0,-0.0,0.0
138.41065979003906,-214.57012939453125,605.0,-0.0,-0.0,0.0,-0.0,-0.0,0.0,-0.0,-0.0,0.0,-0.0,-0.0,0.0,-0.0,-0.0,0.0,-0.0,-0.0,0.0,-0.0,-0.0,0.0,-0.0,-0.0,0.0,132.23382568359375,-197.25,623.0,106.31807708740234,-204.20498657226562,616.0,146.64666748046875,-172.19784545898438,641.0,-74.60871887207031,-192.47601318359375,631.0,247.95689392089844,-17.899662017822266,703.0,-90.02501678466797,37.808414459228516,411.0,-0.0,-0.0,0.0,-0.0,-0.0,0.0,-0.0,-0.0,0.0,-0.0,-0.0,0.0,-0.0,-0.0,0.0,-0.0,-0.0,0.0,-0.0,-0.0,0.0,-0.0,-0.0,0.0,58.16444396972656,155.41221618652344,993.0,-49.19650650024414,60.57038116455078,379.0,-0.0,-0.0,0.0,-0.0,-0.0,0.0,-0.0,-0.0,0.0,-0.0,-0.0,0.0,-0.0,-0.0,0.0,-0.0,-0.0,0.0,-0.0,-0.0,0.0,-0.0,-0.0,0.0
137.0876007080078,-211.61093139648438,608.0,-0.0,-0.0,0.0,148.65440368652344,-235.2347412109375,594.0,154.6356201171875,-237.40701293945312,602.0,-0.0,-0.0,0.0,-0.0,-0.0,0.0,-0.0,-0.0,0.0,-0.0,-0.0,0.0,-0.0,-0.0,0.0,129.35267639160156,-195.50209045410156,624.0,104.62081909179688,-200.7786407470703,618.0,145.81455993652344,-171.40444946289062,642.0,-75.89120483398438,-194.1332244873047,633.0,250.44769287109375,-13.134790420532227,697.0,-75.71224975585938,14.659500122070312,430.0,-0.0,-0.0,0.0,-0.0,-0.0,0.0,-0.0,-0.0,0.0,-0.0,-0.0,0.0,-0.0,-0.0,0.0,-0.0,-0.0,0.0,-0.0,-0.0,0.0,-0.0,-0.0,0.0,58.86733627319336,165.60301208496094,1005.0,-50.04973602294922,62.578956604003906,376.0,-0.0,-0.0,0.0,-0.0,-0.0,0.0,-0.0,-0.0,0.0,-0.0,-0.0,0.0,-0.0,-0.0,0.0,-0.0,-0.0,0.0,-0.0,-0.0,0.0,-0.0,-0.0,0.0
137.4258270263672,-205.57342529296875,614.0,143.98858642578125,-224.8035888671875,595.0,147.92144775390625,-223.8192901611328,595.0,151.3782196044922,-223.5840301513672,597.0,-0.0,-0.0,0.0,-0.0,-0.0,0.0,-0.0,-0.0,0.0,138.55348205566406,-229.50961303710938,597.0,-0.0,-0.0,0.0,128.93846130371094,-190.21865844726562,627.0,103.2423095703125,-195.90443420410156,622.0,145.81455993652344,-172.46649169921875,642.0,-76.81566619873047,-192.78103637695312,632.0,251.2384796142578,-14.267315864562988,696.0,-77.13336181640625,14.659500122070312,430.0,-0.0,-0.0,0.0,-0.0,-0.0,0.0,-0.0,-0.0,0.0,-0.0,-0.0,0.0,-0.0,-0.0,0.0,-0.0,-0.0,0.0,-0.0,-0.0,0.0,-0.0,-0.0,0.0,54.60630798339844,157.8985137939453,988.0,-50.44906997680664,59.94341278076172,379.0,-0.0,-0.0,0.0,-0.0,-0.0,0.0,-0.0,-0.0,0.0,-0.0,-0.0,0.0,-0.0,-0.0,0.0,-0.0,-0.0,0.0,-0.0,-0.0,0.0,-0.0,-0.0,0.0
136.53054809570312,-210.28880310058594,610.0,144.9718017578125,-234.64646911621094,595.0,148.9046630859375,-231.693603515625,595.0,152.10951232910156,-229.12518310546875,596.0,-0.0,-0.0,0.0,-0.0,-0.0,0.0,-0.0,-0.0,0.0,139.5399932861328,-232.472412109375,597.0,-0.0,-0.0,0.0,128.5271759033203,-193.74755859375,625.0,102.578369140625,-199.7563018798828,618.0,144.302734375,-174.04666137695312,640.0,-75.77130889892578,-192.78103637695312,632.0,248.76422119140625,-20.196794509887695,702.0,-75.53416442871094,18.707426071166992,425.0,-0.0,-0.0,0.0,-0.0,-0.0,0.0,-0.0,-0.0,0.0,-0.0,-0.0,0.0,-0.0,-0.0,0.0,-0.0,-0.0,0.0,-0.0,-0.0,0.0,-0.0,-0.0,0.0,59.986019134521484,157.52938842773438,996.0,-48.936893463134766,61.49806594848633,377.0,-0.0,-0.0,0.0,-0.0,-0.0,0.0,-0.0,-0.0,0.0,-0.0,-0.0,0.0,-0.0,-0.0,0.0,-0.0,-0.0,0.0,-0.0,-0.0,0.0,-0.0,-0.0,0.0
138.9495391845703,-214.85833740234375,603.0,-0.0,-0.0,0.0,-0.0,-0.0,0.0,-0.0,-0.0,0.0,-0.0,-0.0,0.0,-0.0,-0.0,0.0,-0.0,-0.0,0.0,-0.0,-0.0,0.0,-0.0,-0.0,0.0,130.99374389648438,-197.9623565673828,622.0,106.31807708740234,-203.1859588623047,616.0,143.46897888183594,-173.2582244873047,641.0,-75.65142059326172,-191.4321746826172,631.0,250.01124572753906,-20.110483169555664,699.0,-75.36009979248047,16.71539878845215,428.0,-0.0,-0.0,0.0,-0.0,-0.0,0.0,-0.0,-0.0,0.0,-0.0,-0.0,0.0,-0.0,-0.0,0.0,-0.0,-0.0,0.0,-0.0,-0.0,0.0,-0.0,-0.0,0.0,62.68382263183594,171.94857788085938,1013.0,-47.184932708740234,65.78190612792969,373.0,-0.0,-0.0,0.0,-0.0,-0.0,0.0,-0.0,-0.0,0.0,-0.0,-0.0,0.0,-0.0,-0.0,0.0,-0.0,-0.0,0.0,-0.0,-0.0,0.0,-0.0,-0.0,0.0
134.7350616455078,-208.61203002929688,611.0,143.98858642578125,-230.70932006835938,595.0,148.17005920410156,-229.12518310546875,596.0,151.12466430664062,-228.1392364501953,596.0,-0.0,-0.0,0.0,-0.0,-0.0,0.0,-0.0,-0.0,0.0,137.56695556640625,-233.4600067138672,597.0,-0.0,-0.0,0.0,125.42881774902344,-192.71363830566406,625.0,100.86129760742188,-198.35147094726562,620.0,143.2451629638672,-175.10540771484375,640.0,-74.72695922851562,-192.78103637695312,632.0,249.47296142578125,-21.418941497802734,704.0,-76.41654968261719,11.924057006835938,434.0,-0.0,-0.0,0.0,-0.0,0.0,0.0,-0.0,-0.0,0.0,-0.0,-0.0,0.0,-0.0,-0.0,0.0,-0.0,-0.0,0.0,-0.0,-0.0,0.0,-0.0,-0.0,0.0,62.68382263183594,170.27279663085938,1013.0,-46.19858932495117,64.8939208984375,375.0,-0.0,-0.0,0.0,-0.0,-0.0,0.0,-0.0,-0.0,0.0,-0.0,-0.0,0.0,-0.0,-0.0,0.0,-0.0,-0.0,0.0,-0.0,-0.0,0.0,-0.0,-0.0,0.0
135.73475646972656,-217.4896240234375,602.0,-0.0,-0.0,0.0,-0.0,-0.0,0.0,-0.0,-0.0,0.0,-0.0,-0.0,0.0,-0.0,-0.0,0.0,-0.0,-0.0,0.0,-0.0,-0.0,0.0,-0.0,-0.0,0.0,129.5480194091797,-199.3771209716797,620.0,103.94366455078125,-206.58914184570312,614.0,143.2451629638672,-175.10540771484375,640.0,-74.72695922851562,-192.78103637695312,632.0,249.9242401123047,-23.68068504333496,702.0,-76.42279815673828,14.659500122070312,430.0,-0.0,-0.0,0.0,-0.0,-0.0,0.0,-0.0,-0.0,0.0,-0.0,-0.0,0.0,-0.0,-0.0,0.0,-0.0,-0.0,0.0,-0.0,-0.0,0.0,-0.0,-0.0,0.0,60.949649810791016,171.77883911132812,1012.0,-46.93193054199219,66.04292297363281,371.0,-0.0,-0.0,0.0,-0.0,-0.0,0.0,-0.0,-0.0,0.0,-0.0,-0.0,0.0,-0.0,-0.0,0.0,-0.0,-0.0,0.0,-0.0,-0.0,0.0,-0.0,-0.0,0.0
138.9495391845703,-214.85833740234375,603.0,-0.0,-0.0,0.0,-0.0,-0.0,0.0,-0.0,-0.0,0.0,-0.0,-0.0,0.0,-0.0,-0.0,0.0,-0.0,-0.0,0.0,-0.0,-0.0,0.0,-0.0,-0.0,0.0,129.96591186523438,-196.9333953857422,622.0,105.12921905517578,-203.8734893798828,615.0,143.46897888183594,-174.31861877441406,641.0,-75.65142059326172,-192.47601318359375,631.0,249.56822204589844,-19.008380889892578,701.0,-75.36009979248047,16.71539878845215,428.0,-0.0,-0.0,0.0,-0.0,-0.0,0.0,-0.0,-0.0,0.0,-0.0,-0.0,0.0,-0.0,-0.0,0.0,-0.0,-0.0,0.0,-0.0,-0.0,0.0,-0.0,-0.0,0.0,62.436302185058594,167.93128967285156,1009.0,-48.05760955810547,63.03287124633789,375.0,-0.0,-0.0,0.0,-0.0,-0.0,0.0,-0.0,-0.0,0.0,-0.0,-0.0,0.0,-0.0,-0.0,0.0,-0.0,-0.0,0.0,-0.0,-0.0,0.0,-0.0,-0.0,0.0
138.63943481445312,-212.91981506347656,606.0,-0.0,-0.0,0.0,150.13978576660156,-237.01272583007812,596.0,156.14743041992188,-238.1957550048828,604.0,-0.0,-0.0,0.0,-0.0,-0.0,0.0,-0.0,-0.0,0.0,-0.0,-0.0,0.0,-0.0,-0.0,0.0,130.38381958007812,-196.5343475341797,624.0,105.47109985351562,-202.4951171875,617.0,143.2451629638672,-175.10540771484375,640.0,-73.68260192871094,-194.87203979492188,632.0,251.5994415283203,-18.899917602539062,697.0,-76.77825927734375,12.583751678466797,432.0,-0.0,-0.0,0.0,-0.0,-0.0,0.0,-0.0,-0.0,0.0,-0.0,-0.0,0.0,-0.0,-0.0,0.0,-0.0,-0.0,0.0,-0.0,-0.0,0.0,-0.0,-0.0,0.0,60.64851760864258,165.9325714111328,1007.0,-47.43793487548828,63.65322494506836,375.0,-0.0,-0.0,0.0,-0.0,-0.0,0.0,-0.0,-0.0,0.0,-0.0,-0.0,0.0,-0.0,-0.0,0.0,-0.0,-0.0,0.0,-0.0,-0.0,0.0,-0.0,-0.0,0.0
139.6408233642578,-212.91981506347656,606.0,-0.0,-0.0,0.0,150.87109375,-234.64646911621094,595.0,155.888916015625,-236.80386352539062,603.0,-0.0,-0.0,0.0,-0.0,-0.0,0.0,-0.0,-0.0,0.0,-0.0,-0.0,0.0,-0.0,-0.0,0.0,130.17486572265625,-197.25,623.0,105.47109985351562,-202.4951171875,617.0,142.63192749023438,-173.5285186767578,642.0,-72.5233154296875,-193.5198516845703,631.0,250.36892700195312,-20.139253616333008,700.0,-75.71224975585938,13.948164939880371,430.0,-0.0,-0.0,0.0,-0.0,-0.0,0.0,-0.0,-0.0,0.0,-0.0,-0.0,0.0,-0.0,-0.0,0.0,-0.0,-0.0,0.0,-0.0,-0.0,0.0,-0.0,-0.0,0.0,62.68382263183594,173.6243438720703,1013.0,-47.67314910888672,65.60554504394531,372.0,-0.0,-0.0,0.0,-0.0,-0.0,0.0,-0.0,-0.0,0.0,-0.0,-0.0,0.0,-0.0,-0.0,0.0,-0.0,-0.0,0.0,-0.0,-0.0,0.0,-0.0,-0.0,0.0
138.02781677246094,-220.36941528320312,599.0,-0.0,-0.0,0.0,-0.0,-0.0,0.0,-0.0,-0.0,0.0,-0.0,-0.0,0.0,-0.0,-0.0,0.0,-0.0,-0.0,0.0,-0.0,-0.0,0.0,-0.0,-0.0,0.0,131.3848114013672,-200.07952880859375,619.0,106.98748779296875,-206.58914184570312,614.0,145.58743286132812,-175.37899780273438,641.0,-74.72695922851562,-194.87203979492188,632.0,249.65357971191406,-18.927034378051758,698.0,-74.82726287841797,16.044771194458008,429.0,-0.0,-0.0,0.0,-0.0,-0.0,0.0,-0.0,-0.0,0.0,-0.0,-0.0,0.0,-0.0,-0.0,0.0,-0.0,-0.0,0.0,-0.0,-0.0,0.0,-0.0,-0.0,0.0,62.49818420410156,168.0977325439453,1010.0,-46.81826400756836,64.27357482910156,375.0,-0.0,-0.0,0.0,-0.0,-0.0,0.0,-0.0,-0.0,0.0,-0.0,-0.0,0.0,-0.0,-0.0,0.0,-0.0,-0.0,0.0,-0.0,-0.0,0.0,-0.0,-0.0,0.0
139.6408233642578,-212.91981506347656,606.0,-0.0,-0.0,0.0,151.3782196044922,-237.410400390625,597.0,158.18621826171875,-239.77320861816406,608.0,-0.0,-0.0,0.0,-0.0,-0.0,0.0,-0.0,-0.0,0.0,-0.0,-0.0,0.0,-0.0,-0.0,0.0,131.41494750976562,-196.5343475341797,624.0,105.47109985351562,-201.4744415283203,617.0,144.75367736816406,-172.46649169921875,642.0,-73.68260192871094,-194.87203979492188,632.0,251.30068969726562,-11.913002967834473,693.0,-75.35053253173828,13.298396110534668,432.0,-0.0,-0.0,0.0,-0.0,-0.0,0.0,-0.0,-0.0,0.0,-0.0,-0.0,0.0,-0.0,-0.0,0.0,-0.0,-0.0,0.0,-0.0,-0.0,0.0,-0.0,-0.0,0.0,62.62194061279297,173.4529571533203,1012.0,-47.184932708740234,65.16486358642578,373.0,-0.0,-0.0,0.0,-0.0,-0.0,0.0,-0.0,-0.0,0.0,-0.0,-0.0,0.0,-0.0,-0.0,0.0,-0.0,-0.0,0.0,-0.0,-0.0,0.0,-0.0,-0.0,0.0
138.48867797851562,-216.13412475585938,601.0,-0.0,-0.0,0.0,-0.0,-0.0,0.0,-0.0,-0.0,0.0,-0.0,-0.0,0.0,-0.0,-0.0,0.0,-0.0,-0.0,0.0,-0.0,-0.0,0.0,-0.0,-0.0,0.0,131.809326171875,-198.67140197753906,621.0,106.98748779296875,-205.57342529296875,614.0,144.97915649414062,-172.73512268066406,643.0,-74.72695922851562,-193.8265380859375,632.0,251.2384796142578,-16.570058822631836,696.0,-76.24047088623047,12.61288070678711,433.0,-0.0,-0.0,0.0,-0.0,-0.0,0.0,-0.0,-0.0,0.0,-0.0,-0.0,0.0,-0.0,-0.0,0.0,-0.0,-0.0,0.0,-0.0,-0.0,0.0,-0.0,-0.0,0.0,62.49818420410156,176.4517822265625,1010.0,-48.287864685058594,64.99015808105469,372.0,-0.0,-0.0,0.0,-0.0,-0.0,0.0,-0.0,-0.0,0.0,-0.0,-0.0,0.0,-0.0,-0.0,0.0,-0.0,-0.0,0.0,-0.0,-0.0,0.0,-0.0,-0.0,0.0
137.86517333984375,-212.26702880859375,607.0,-0.0,-0.0,0.0,-0.0,-0.0,0.0,154.6356201171875,-238.40289306640625,602.0,-0.0,-0.0,0.0,-0.0,-0.0,0.0,-0.0,-0.0,0.0,-0.0,-0.0,0.0,-0.0,-0.0,0.0,129.1453857421875,-196.21939086914062,623.0,104.62081909179688,-201.8009796142578,618.0,142.18759155273438,-175.10540771484375,640.0,-74.84519958496094,-194.1332244873047,633.0,247.84840393066406,-23.81561851501465,706.0,-75.17610931396484,13.980602264404297,431.0,-0.0,-0.0,0.0,-0.0,-0.0,0.0,-0.0,-0.0,0.0,-0.0,-0.0,0.0,-0.0,-0.0,0.0,-0.0,-0.0,0.0,-0.0,-0.0,0.0,-0.0,-0.0,0.0,62.560062408447266,168.26416015625,1011.0,-47.801300048828125,63.930782318115234,373.0,-0.0,-0.0,0.0,-0.0,-0.0,0.0,-0.0,-0.0,0.0,-0.0,-0.0,0.0,-0.0,-0.0,0.0,-0.0,-0.0,0.0,-0.0,-0.0,0.0,-0.0,-0.0,0.0
140.00746154785156,-218.38760375976562,599.0,-0.0,-0.0,0.0,-0.0,-0.0,0.0,-0.0,-0.0,0.0,-0.0,-0.0,0.0,-0.0,-0.0,0.0,-0.0,-0.0,0.0,-0.0,-0.0,0.0,-0.0,-0.0,0.0,131.59706115722656,-199.3771209716797,620.0,108.00210571289062,-206.58914184570312,614.0,141.571044921875,-174.59056091308594,642.0,-76.93721008300781,-193.08607482910156,633.0,249.9242401123047,-22.519390106201172,702.0,-76.42279815673828,14.659500122070312,430.0,-0.0,-0.0,0.0,-0.0,-0.0,0.0,-0.0,-0.0,0.0,-0.0,-0.0,0.0,-0.0,-0.0,0.0,-0.0,-0.0,0.0,-0.0,-0.0,0.0,-0.0,-0.0,0.0,62.188785552978516,163.9404754638672,1005.0,-48.185760498046875,62.578956604003906,376.0,-0.0,-0.0,0.0,-0.0,-0.0,0.0,-0.0,-0.0,0.0,-0.0,-0.0,0.0,-0.0,-0.0,0.0,-0.0,-0.0,0.0,-0.0,-0.0,0.0,-0.0,-0.0,0.0
140.33212280273438,-210.9515380859375,609.0,146.6912841796875,-234.25210571289062,594.0,150.87109375,-232.6779022216797,595.0,156.6251678466797,-233.4235382080078,602.0,-0.0,-0.0,0.0,-0.0,-0.0,0.0,-0.0,-0.0,0.0,139.5399932861328,-236.4228057861328,597.0,-0.0,-0.0,0.0,131.8361358642578,-194.05755615234375,626.0,105.98392486572266,-199.3771209716797,620.0,144.75367736816406,-172.46649169921875,642.0,-74.72695922851562,-192.78103637695312,632.0,251.2384796142578,-17.7214298248291,696.0,-75.52495574951172,12.61288070678711,433.0,-0.0,-0.0,0.0,-0.0,-0.0,0.0,-0.0,-0.0,0.0,-0.0,-0.0,0.0,-0.0,-0.0,0.0,-0.0,-0.0,0.0,-0.0,-0.0,0.0,-0.0,-0.0,0.0,64.35775756835938,173.6243438720703,1013.0,-47.9294548034668,64.72087097167969,374.0,-0.0,-0.0,0.0,-0.0,-0.0,0.0,-0.0,-0.0,0.0,-0.0,-0.0,0.0,-0.0,-0.0,0.0,-0.0,-0.0,0.0,-0.0,-0.0,0.0,-0.0,-0.0,0.0
138.181884765625,-214.21546936035156,604.0,-0.0,-0.0,0.0,-0.0,-0.0,0.0,-0.0,-0.0,0.0,-0.0,-0.0,0.0,-0.0,-0.0,0.0,-0.0,-0.0,0.0,-0.0,-0.0,0.0,-0.0,-0.0,0.0,130.99374389648438,-196.9333953857422,622.0,105.47109985351562,-202.4951171875,617.0,144.75367736816406,-174.59056091308594,642.0,-74.60871887207031,-192.47601318359375,631.0,250.28025817871094,-22.551469802856445,703.0,-75.00794982910156,18.04672622680664,426.0,-0.0,-0.0,0.0,-0.0,-0.0,0.0,-0.0,-0.0,0.0,-0.0,-0.0,0.0,-0.0,-0.0,0.0,-0.0,-0.0,0.0,-0.0,-0.0,0.0,-0.0,-0.0,0.0,64.29422760009766,166.75645446777344,1012.0,-48.185760498046875,62.578956604003906,376.0,-0.0,-0.0,0.0,-0.0,-0.0,0.0,-0.0,-0.0,0.0,-0.0,-0.0,0.0,-0.0,-0.0,0.0,-0.0,-0.0,0.0,-0.0,-0.0,0.0,-0.0,-0.0,0.0
137.86517333984375,-212.26702880859375,607.0,-0.0,-0.0,0.0,152.8751678466797,-237.21482849121094,599.0,159.45274353027344,-239.1601104736328,609.0,-0.0,-0.0,0.0,-0.0,-0.0,0.0,-0.0,-0.0,0.0,-0.0,-0.0,0.0,-0.0,-0.0,0.0,130.38381958007812,-194.46983337402344,624.0,104.62081909179688,-200.7786407470703,618.0,145.3603057861328,-174.04666137695312,640.0,-72.63825225830078,-192.78103637695312,632.0,249.56822204589844,-20.16802406311035,701.0,-75.88832092285156,13.980602264404297,431.0,-0.0,-0.0,0.0,-0.0,-0.0,0.0,-0.0,-0.0,0.0,-0.0,-0.0,0.0,-0.0,-0.0,0.0,-0.0,-0.0,0.0,-0.0,-0.0,0.0,-0.0,-0.0,0.0,64.29422760009766,173.4529571533203,1012.0,-47.801300048828125,65.16486358642578,373.0,31.70404624938965,176.91912841796875,452.0,-0.0,-0.0,0.0,-0.0,-0.0,0.0,-0.0,-0.0,0.0,-0.0,-0.0,0.0,-0.0,-0.0,0.0,-0.0,-0.0,0.0,-0.0,-0.0,0.0
138.3194122314453,-210.9515380859375,609.0,144.9718017578125,-233.6621856689453,595.0,148.9046630859375,-231.693603515625,595.0,153.86500549316406,-232.2602996826172,599.0,-0.0,-0.0,0.0,-0.0,-0.0,0.0,-0.0,-0.0,0.0,138.78555297851562,-236.81881713867188,598.0,-0.0,-0.0,0.0,130.38381958007812,-195.50209045410156,624.0,104.79010772705078,-200.07952880859375,619.0,145.58743286132812,-174.31861877441406,641.0,-72.63825225830078,-193.8265380859375,632.0,248.76422119140625,-17.87420082092285,702.0,-76.24047088623047,12.61288070678711,433.0,-0.0,-0.0,0.0,-0.0,-0.0,0.0,-0.0,-0.0,0.0,-0.0,-0.0,0.0,-0.0,-0.0,0.0,-0.0,-0.0,0.0,-0.0,-0.0,0.0,-0.0,-0.0,0.0,60.82919692993164,174.78097534179688,1010.0,-47.67314910888672,65.60554504394531,372.0,-0.0,-0.0,0.0,-0.0,-0.0,0.0,-0.0,-0.0,0.0,-0.0,-0.0,0.0,-0.0,-0.0,0.0,-0.0,-0.0,0.0,-0.0,-0.0,0.0,-0.0,-0.0,0.0
136.86212158203125,-212.26702880859375,607.0,-0.0,-0.0,0.0,-0.0,-0.0,0.0,154.6356201171875,-238.40289306640625,602.0,-0.0,-0.0,0.0,-0.0,-0.0,0.0,-0.0,-0.0,0.0,-0.0,-0.0,0.0,-0.0,-0.0,0.0,130.38381958007812,-196.5343475341797,624.0,103.59959411621094,-200.7786407470703,618.0,143.02134704589844,-174.83180236816406,639.0,-74.72695922851562,-191.7355499267578,632.0,249.11859130859375,-20.22556495666504,703.0,-76.24507141113281,15.335090637207031,429.0,-0.0,-0.0,0.0,-0.0,-0.0,0.0,-0.0,-0.0,0.0,-0.0,-0.0,0.0,-0.0,-0.0,0.0,-0.0,-0.0,0.0,-0.0,-0.0,0.0,-0.0,-0.0,0.0,60.949649810791016,180.14942932128906,1012.0,-47.416839599609375,66.47698974609375,370.0,-0.0,-0.0,0.0,-0.0,-0.0,0.0,-0.0,-0.0,0.0,-0.0,-0.0,0.0,-0.0,-0.0,0.0,-0.0,-0.0,0.0,-0.0,-0.0,0.0,-0.0,-0.0,0.0
137.63804626464844,-213.92230224609375,606.0,-0.0,-0.0,0.0,-0.0,-0.0,0.0,-0.0,-0.0,0.0,-0.0,-0.0,0.0,-0.0,-0.0,0.0,-0.0,-0.0,0.0,-0.0,-0.0,0.0,-0.0,-0.0,0.0,131.62554931640625,-196.8493194580078,625.0,104.62081909179688,-201.8009796142578,618.0,146.8754425048828,-172.46649169921875,642.0,-72.63825225830078,-192.78103637695312,632.0,251.5994415283203,-17.746891021728516,697.0,-75.17610931396484,13.980602264404297,431.0,-0.0,-0.0,0.0,-0.0,-0.0,0.0,-0.0,-0.0,0.0,-0.0,-0.0,0.0,-0.0,-0.0,0.0,-0.0,-0.0,0.0,-0.0,-0.0,0.0,-0.0,-0.0,0.0,64.35775756835938,175.3001251220703,1013.0,-46.93193054199219,66.04292297363281,371.0,-0.0,-0.0,0.0,-0.0,-0.0,0.0,-0.0,-0.0,0.0,-0.0,-0.0,0.0,-0.0,-0.0,0.0,-0.0,-0.0,0.0,-0.0,-0.0,0.0,-0.0,-0.0,0.0
138.41065979003906,-214.57012939453125,605.0,-0.0,-0.0,0.0,-0.0,-0.0,0.0,-0.0,-0.0,0.0,-0.0,-0.0,0.0,-0.0,-0.0,0.0,-0.0,-0.0,0.0,-0.0,-0.0,0.0,-0.0,-0.0,0.0,132.02157592773438,-197.9623565673828,622.0,105.30015563964844,-203.1859588623047,616.0,144.302734375,-174.04666137695312,640.0,-76.69412231445312,-191.4321746826172,631.0,249.47296142578125,-22.583547592163086,704.0,-74.30400085449219,18.04672622680664,426.0,-0.0,-0.0,0.0,-0.0,-0.0,0.0,-0.0,-0.0,0.0,-0.0,-0.0,0.0,-0.0,-0.0,0.0,-0.0,-0.0,0.0,-0.0,-0.0,0.0,-0.0,-0.0,0.0,64.29422760009766,168.4305877685547,1012.0,-47.43793487548828,63.65322494506836,375.0,-0.0,-0.0,0.0,-0.0,-0.0,0.0,-0.0,-0.0,0.0,-0.0,-0.0,0.0,-0.0,-0.0,0.0,-0.0,-0.0,0.0,-0.0,-0.0,0.0,-0.0,-0.0,0.0
141.10638427734375,-211.61093139648438,608.0,147.92144775390625,-234.64646911621094,595.0,152.6199493408203,-233.85105895996094,598.0,159.71456909179688,-237.5346221923828,610.0,-0.0,-0.0,0.0,-0.0,-0.0,0.0,-0.0,-0.0,0.0,139.7737274169922,-235.82955932617188,598.0,-0.0,-0.0,0.0,133.4772186279297,-196.5343475341797,624.0,108.88159942626953,-201.10353088378906,619.0,143.9166259765625,-171.6714324951172,643.0,-74.72695922851562,-191.7355499267578,632.0,251.5994415283203,-18.899917602539062,697.0,-74.12957763671875,18.707426071166992,425.0,-0.0,-0.0,0.0,-0.0,-0.0,0.0,-0.0,-0.0,0.0,-0.0,-0.0,0.0,-0.0,-0.0,0.0,-0.0,-0.0,0.0,-0.0,-0.0,0.0,-0.0,-0.0,0.0,62.62194061279297,171.77883911132812,1012.0,-47.801300048828125,65.16486358642578,373.0,-0.0,-0.0,0.0,-0.0,-0.0,0.0,-0.0,-0.0,0.0,-0.0,-0.0,0.0,-0.0,-0.0,0.0,-0.0,-0.0,0.0,-0.0,-0.0,0.0,-0.0,-0.0,0.0
138.9495391845703,-215.85585021972656,603.0,-0.0,-0.0,0.0,-0.0,-0.0,0.0,-0.0,-0.0,0.0,-0.0,-0.0,0.0,-0.0,-0.0,0.0,-0.0,-0.0,0.0,-0.0,-0.0,0.0,-0.0,-0.0,0.0,133.04940795898438,-198.99131774902344,622.0,106.31807708740234,-204.20498657226562,616.0,147.10421752929688,-172.73512268066406,643.0,-75.65142059326172,-190.38832092285156,631.0,250.44769287109375,-15.440840721130371,697.0,-74.83187103271484,18.707426071166992,425.0,-0.0,-0.0,0.0,-0.0,-0.0,0.0,-0.0,-0.0,0.0,-0.0,-0.0,0.0,-0.0,-0.0,0.0,-0.0,-0.0,0.0,-0.0,-0.0,0.0,-0.0,-0.0,0.0,64.29422760009766,173.4529571533203,1012.0,-48.41767120361328,63.930782318115234,373.0,-0.0,-0.0,0.0,-0.0,-0.0,0.0,-0.0,-0.0,0.0,-0.0,-0.0,0.0,-0.0,-0.0,0.0,-0.0,-0.0,0.0,-0.0,-0.0,0.0,-0.0,-0.0,0.0
140.4749298095703,-217.1283416748047,601.0,-0.0,-0.0,0.0,-0.0,-0.0,0.0,-0.0,-0.0,0.0,-0.0,-0.0,0.0,-0.0,-0.0,0.0,-0.0,-0.0,0.0,-0.0,-0.0,0.0,-0.0,-0.0,0.0,133.04940795898438,-198.99131774902344,622.0,108.1780014038086,-204.89085388183594,615.0,143.9166259765625,-172.73512268066406,643.0,-73.68260192871094,-191.7355499267578,632.0,249.11859130859375,-21.38851547241211,703.0,-85.53179931640625,36.947837829589844,409.0,-0.0,-0.0,0.0,-0.0,-0.0,0.0,-0.0,-0.0,0.0,-0.0,-0.0,0.0,-0.0,-0.0,0.0,-0.0,-0.0,0.0,-0.0,-0.0,0.0,-0.0,-0.0,0.0,64.23069763183594,174.9540252685547,1011.0,-46.31886672973633,66.65665435791016,371.0,-0.0,-0.0,0.0,-0.0,-0.0,0.0,-0.0,-0.0,0.0,-0.0,-0.0,0.0,-0.0,-0.0,0.0,-0.0,-0.0,0.0,-0.0,-0.0,0.0,-0.0,-0.0,0.0
139.7833251953125,-210.633544921875,611.0,147.18519592285156,-234.05490112304688,596.0,149.8878631591797,-231.693603515625,595.0,155.3718719482422,-233.03579711914062,601.0,-0.0,-0.0,0.0,-0.0,-0.0,0.0,-0.0,-0.0,0.0,139.01763916015625,-237.21482849121094,599.0,-0.0,-0.0,0.0,132.04673767089844,-194.3675537109375,627.0,107.00845336914062,-199.3771209716797,620.0,144.97915649414062,-171.6714324951172,643.0,-73.68260192871094,-192.78103637695312,632.0,252.44586181640625,-15.352227210998535,693.0,-86.45865631103516,40.13359832763672,407.0,-0.0,-0.0,0.0,-0.0,-0.0,0.0,-0.0,-0.0,0.0,-0.0,-0.0,0.0,-0.0,-0.0,0.0,-0.0,-0.0,0.0,-0.0,-0.0,0.0,-0.0,-0.0,0.0,66.03170776367188,176.97589111328125,1013.0,-46.93193054199219,66.65665435791016,371.0,-0.0,-0.0,0.0,-0.0,-0.0,0.0,-0.0,-0.0,0.0,-0.0,-0.0,0.0,-0.0,-0.0,0.0,-0.0,-0.0,0.0,-0.0,-0.0,0.0,-0.0,-0.0,0.0
140.5625457763672,-212.30702209472656,610.0,147.92144775390625,-233.6621856689453,595.0,151.12466430664062,-232.0830078125,596.0,155.11334228515625,-231.65548706054688,600.0,-0.0,-0.0,0.0,-0.0,-0.0,0.0,-0.0,-0.0,0.0,139.01763916015625,-234.2421112060547,599.0,-0.0,-0.0,0.0,131.8361358642578,-196.12869262695312,626.0,105.64204406738281,-200.7786407470703,618.0,143.9166259765625,-172.73512268066406,643.0,-73.5660171508789,-192.47601318359375,631.0,249.56822204589844,-20.16802406311035,701.0,-76.24047088623047,11.896581649780273,433.0,-0.0,-0.0,0.0,-0.0,-0.0,0.0,-0.0,-0.0,0.0,-0.0,-0.0,0.0,-0.0,-0.0,0.0,-0.0,-0.0,0.0,-0.0,-0.0,0.0,-0.0,-0.0,0.0,62.62194061279297,176.8011932373047,1012.0,-48.158058166503906,66.04292297363281,371.0,-0.0,-0.0,0.0,-0.0,-0.0,0.0,-0.0,-0.0,0.0,-0.0,-0.0,0.0,-0.0,-0.0,0.0,-0.0,-0.0,0.0,-0.0,-0.0,0.0,-0.0,-0.0,0.0
140.5625457763672,-212.30702209472656,610.0,146.938232421875,-234.64646911621094,595.0,151.12466430664062,-233.06895446777344,596.0,156.88534545898438,-233.81129455566406,603.0,-0.0,-0.0,0.0,-0.0,-0.0,0.0,-0.0,-0.0,0.0,140.76190185546875,-233.85105895996094,598.0,-0.0,-0.0,0.0,132.87059020996094,-196.12869262695312,626.0,106.83586120605469,-201.10353088378906,619.0,143.69281005859375,-171.40444946289062,642.0,-72.75318145751953,-194.1332244873047,633.0,251.5994415283203,-17.746891021728516,697.0,-76.95598602294922,12.61288070678711,433.0,-0.0,-0.0,0.0,-0.0,-0.0,0.0,-0.0,-0.0,0.0,-0.0,-0.0,0.0,-0.0,-0.0,0.0,-0.0,-0.0,0.0,-0.0,-0.0,0.0,-0.0,-0.0,0.0,62.62194061279297,178.47531127929688,1012.0,-48.63966369628906,65.86490631103516,370.0,-0.0,-0.0,0.0,-0.0,-0.0,0.0,-0.0,-0.0,0.0,-0.0,-0.0,0.0,-0.0,-0.0,0.0,-0.0,-0.0,0.0,-0.0,-0.0,0.0,-0.0,-0.0,0.0
142.64500427246094,-214.92478942871094,606.0,-0.0,-0.0,0.0,-0.0,-0.0,0.0,156.1048126220703,-237.61085510253906,600.0,-0.0,-0.0,0.0,-0.0,-0.0,0.0,-0.0,-0.0,0.0,-0.0,-0.0,0.0,-0.0,-0.0,0.0,134.07723999023438,-198.99131774902344,622.0,109.54936981201172,-203.51580810546875,617.0,146.04168701171875,-171.6714324951172,643.0,-71.7071762084961,-195.1803741455078,633.0,250.01124572753906,-16.641481399536133,699.0,-75.52495574951172,11.896581649780273,433.0,-0.0,-0.0,0.0,-0.0,-0.0,0.0,-0.0,-0.0,0.0,-0.0,-0.0,0.0,-0.0,-0.0,0.0,-0.0,-0.0,0.0,-0.0,-0.0,0.0,-0.0,-0.0,0.0,64.29422760009766,175.1270751953125,1012.0,-47.67314910888672,65.60554504394531,372.0,-0.0,-0.0,0.0,-0.0,-0.0,0.0,-0.0,-0.0,0.0,-0.0,-0.0,0.0,-0.0,-0.0,0.0,-0.0,-0.0,0.0,-0.0,-0.0,0.0,-0.0,-0.0,0.0
141.10638427734375,-214.62832641601562,608.0,-0.0,-0.0,0.0,153.60813903808594,-235.82955932617188,598.0,160.1956024169922,-237.76161193847656,608.0,-0.0,-0.0,0.0,-0.0,-0.0,0.0,-0.0,-0.0,0.0,142.97694396972656,-235.23301696777344,599.0,-0.0,-0.0,0.0,133.4772186279297,-197.56661987304688,624.0,107.5102310180664,-202.4951171875,617.0,146.72305297851562,-171.4037322998047,646.0,-74.72695922851562,-192.78103637695312,632.0,251.663330078125,-14.226317405700684,694.0,-75.88832092285156,13.980602264404297,431.0,-0.0,-0.0,0.0,-0.0,-0.0,0.0,-0.0,-0.0,0.0,-0.0,-0.0,0.0,-0.0,-0.0,0.0,-0.0,-0.0,0.0,-0.0,-0.0,0.0,-0.0,-0.0,0.0,66.03170776367188,176.97589111328125,1013.0,-47.67314910888672,65.60554504394531,372.0,-0.0,-0.0,0.0,-0.0,-0.0,0.0,-0.0,-0.0,0.0,-0.0,-0.0,0.0,-0.0,-0.0,0.0,-0.0,-0.0,0.0,-0.0,-0.0,0.0,-0.0,-0.0,0.0
143.27975463867188,-210.30894470214844,613.0,149.40518188476562,-229.50961303710938,597.0,152.36473083496094,-228.5220184326172,597.0,156.1048126220703,-228.6778106689453,600.0,-0.0,-0.0,0.0,-0.0,-0.0,0.0,-0.0,-0.0,0.0,138.48867797851562,-233.03579711914062,601.0,-0.0,-0.0,0.0,134.3328399658203,-195.7164306640625,628.0,109.05750274658203,-199.3771209716797,620.0,143.07626342773438,-173.00376892089844,644.0,-73.68260192871094,-192.78103637695312,632.0,249.9242401123047,-22.519390106201172,702.0,-77.13371276855469,11.924057006835938,434.0,-0.0,-0.0,0.0,-0.0,-0.0,0.0,-0.0,-0.0,0.0,-0.0,-0.0,0.0,-0.0,-0.0,0.0,-0.0,-0.0,0.0,-0.0,-0.0,0.0,-0.0,-0.0,0.0,64.35775756835938,175.3001251220703,1013.0,-47.67314910888672,65.60554504394531,372.0,-0.0,-0.0,0.0,-0.0,-0.0,0.0,-0.0,-0.0,0.0,-0.0,-0.0,0.0,-0.0,-0.0,0.0,-0.0,-0.0,0.0,-0.0,-0.0,0.0,-0.0,-0.0,0.0
141.570556640625,-213.31613159179688,610.0,148.4186553955078,-235.43519592285156,597.0,152.36473083496094,-233.4600067138672,597.0,158.4054412841797,-235.58761596679688,605.0,-0.0,-0.0,0.0,-0.0,-0.0,0.0,-0.0,-0.0,0.0,141.232666015625,-236.6182861328125,600.0,-0.0,-0.0,0.0,133.4772186279297,-197.56661987304688,624.0,107.68447875976562,-201.8009796142578,618.0,146.26881408691406,-173.00376892089844,644.0,-74.72695922851562,-192.78103637695312,632.0,249.47296142578125,-19.08972930908203,704.0,-76.06439971923828,13.298396110534668,432.0,-0.0,-0.0,0.0,-0.0,-0.0,0.0,-0.0,-0.0,0.0,-0.0,-0.0,0.0,-0.0,-0.0,0.0,-0.0,-0.0,0.0,-0.0,-0.0,0.0,-0.0,-0.0,0.0,67.77249145507812,173.79574584960938,1014.0,-47.311431884765625,64.72087097167969,374.0,-0.0,-0.0,0.0,-0.0,-0.0,0.0,-0.0,-0.0,0.0,-0.0,-0.0,0.0,-0.0,-0.0,0.0,-0.0,-0.0,0.0,-0.0,-0.0,0.0,-0.0,-0.0,0.0
144.29270935058594,-211.32301330566406,613.0,151.3782196044922,-235.43519592285156,597.0,156.364990234375,-235.02423095703125,601.0,161.73057556152344,-237.5346221923828,610.0,-0.0,-0.0,0.0,-0.0,-0.0,0.0,-0.0,-0.0,0.0,142.97694396972656,-237.21482849121094,599.0,-0.0,-0.0,0.0,136.40834045410156,-194.67755126953125,628.0,110.08202362060547,-200.40277099609375,620.0,145.4300994873047,-173.27239990234375,645.0,-74.84519958496094,-195.1803741455078,633.0,251.5994415283203,-18.899917602539062,697.0,-88.88243103027344,37.218849182128906,412.0,-0.0,-0.0,0.0,-0.0,-0.0,0.0,-0.0,-0.0,0.0,-0.0,-0.0,0.0,-0.0,-0.0,0.0,-0.0,-0.0,0.0,-0.0,-0.0,0.0,-0.0,-0.0,0.0,67.77249145507812,172.11831665039062,1014.0,-45.70580291748047,66.65665435791016,371.0,-0.0,-0.0,0.0,-0.0,-0.0,0.0,-0.0,-0.0,0.0,-0.0,-0.0,0.0,-0.0,-0.0,0.0,-0.0,-0.0,0.0,-0.0,-0.0,0.0,-0.0,-0.0,0.0
144.8315887451172,-213.66583251953125,611.0,149.40518188476562,-236.4228057861328,597.0,152.6199493408203,-234.84031677246094,598.0,156.364990234375,-235.02423095703125,601.0,-0.0,-0.0,0.0,-0.0,-0.0,0.0,-0.0,-0.0,0.0,138.48867797851562,-237.0126495361328,601.0,-0.0,-0.0,0.0,136.78948974609375,-197.8832244873047,625.0,111.9502182006836,-202.1275177001953,619.0,144.14044189453125,-171.93841552734375,644.0,-73.68260192871094,-191.7355499267578,632.0,249.56822204589844,-20.16802406311035,701.0,-75.88832092285156,13.980602264404297,431.0,-0.0,-0.0,0.0,-0.0,-0.0,0.0,-0.0,-0.0,0.0,-0.0,-0.0,0.0,-0.0,-0.0,0.0,-0.0,-0.0,0.0,-0.0,-0.0,0.0,-0.0,-0.0,0.0,65.96652221679688,176.8011932373047,1012.0,-46.06917190551758,67.51817321777344,369.0,-0.0,-0.0,0.0,-0.0,-0.0,0.0,-0.0,-0.0,0.0,-0.0,-0.0,0.0,-0.0,-0.0,0.0,-0.0,-0.0,0.0,-0.0,-0.0,0.0,-0.0,-0.0,0.0
144.76348876953125,-208.96035766601562,615.0,150.89552307128906,-228.2966766357422,599.0,155.11334228515625,-226.69268798828125,600.0,158.87820434570312,-227.82615661621094,603.0,-0.0,-0.0,0.0,-0.0,-0.0,0.0,-0.0,-0.0,0.0,140.4749298095703,-231.04736328125,601.0,-0.0,-0.0,0.0,134.5467529296875,-192.90647888183594,629.0,109.2333984375,-198.67140197753906,621.0,144.5880889892578,-173.54104614257812,646.0,-76.69412231445312,-189.344482421875,631.0,250.01124572753906,-18.95414924621582,699.0,-74.65579986572266,20.767641067504883,424.0,-0.0,-0.0,0.0,-0.0,-0.0,0.0,-0.0,-0.0,0.0,-0.0,-0.0,0.0,-0.0,-0.0,0.0,-0.0,-0.0,0.0,-0.0,-0.0,0.0,-0.0,-0.0,0.0,66.16207122802734,168.92990112304688,1015.0,-47.43793487548828,64.27357482910156,375.0,-0.0,-0.0,0.0,-0.0,-0.0,0.0,-0.0,-0.0,0.0,-0.0,-0.0,0.0,-0.0,-0.0,0.0,-0.0,-0.0,0.0,-0.0,-0.0,0.0,-0.0,-0.0,0.0
143.0460205078125,-213.00311279296875,612.0,149.6554412841797,-236.81881713867188,598.0,153.86500549316406,-234.2421112060547,599.0,159.93212890625,-235.36227416992188,607.0,-0.0,-0.0,0.0,-0.0,-0.0,0.0,-0.0,-0.0,0.0,142.46119689941406,-235.02423095703125,601.0,-0.0,-0.0,0.0,136.62554931640625,-194.987548828125,629.0,110.08202362060547,-200.40277099609375,620.0,145.88104248046875,-172.73936462402344,647.0,-73.68260192871094,-193.8265380859375,632.0,249.56822204589844,-20.16802406311035,701.0,-77.13336181640625,14.659500122070312,430.0,-0.0,-0.0,0.0,-0.0,-0.0,0.0,-0.0,-0.0,0.0,-0.0,-0.0,0.0,-0.0,-0.0,0.0,-0.0,-0.0,0.0,-0.0,-0.0,0.0,-0.0,-0.0,0.0,62.62194061279297,175.1270751953125,1012.0,-48.158058166503906,66.04292297363281,371.0,-0.0,-0.0,0.0,-0.0,-0.0,0.0,-0.0,-0.0,0.0,-0.0,-0.0,0.0,-0.0,-0.0,0.0,-0.0,-0.0,0.0,-0.0,-0.0,0.0,-0.0,-0.0,0.0
142.49888610839844,-211.66773986816406,614.0,148.91587829589844,-233.25120544433594,599.0,152.8751678466797,-231.26939392089844,599.0,158.14361572265625,-232.20068359375,604.0,-0.0,-0.0,0.0,-0.0,-0.0,0.0,-0.0,-0.0,0.0,141.4680633544922,-234.03001403808594,601.0,-0.0,-0.0,0.0,135.37059020996094,-195.7164306640625,628.0,109.2333984375,-200.7259979248047,621.0,144.81190490722656,-174.87998962402344,647.0,-72.75318145751953,-194.1332244873047,633.0,250.36892700195312,-18.981266021728516,700.0,-76.60053253173828,13.980602264404297,431.0,-0.0,-0.0,0.0,-0.0,-0.0,0.0,-0.0,-0.0,0.0,-0.0,-0.0,0.0,-0.0,-0.0,0.0,-0.0,-0.0,0.0,-0.0,-0.0,0.0,-0.0,-0.0,0.0,62.68382263183594,171.94857788085938,1013.0,-48.287864685058594,65.60554504394531,372.0,-0.0,-0.0,0.0,-0.0,-0.0,0.0,-0.0,-0.0,0.0,-0.0,-0.0,0.0,-0.0,-0.0,0.0,-0.0,-0.0,0.0,-0.0,-0.0,0.0,-0.0,-0.0,0.0
143.19512939453125,-206.57785034179688,617.0,149.90570068359375,-225.32395935058594,599.0,153.86500549316406,-224.3330535888672,599.0,157.6199493408203,-225.4565887451172,602.0,131.19528198242188,-238.1957550048828,604.0,-0.0,-0.0,0.0,-0.0,-0.0,0.0,141.9388427734375,-231.8162384033203,603.0,-0.0,-0.0,0.0,133.93185424804688,-189.344482421875,631.0,107.6988296508789,-196.5343475341797,624.0,146.1065216064453,-174.0783233642578,648.0,-73.5660171508789,-192.47601318359375,631.0,249.56822204589844,-21.327667236328125,701.0,-74.47842407226562,18.08909034729004,427.0,-0.0,-0.0,0.0,-0.0,-0.0,0.0,-0.0,-0.0,0.0,-0.0,-0.0,0.0,-0.0,-0.0,0.0,-0.0,-0.0,0.0,-0.0,-0.0,0.0,-0.0,-0.0,0.0,62.86946105957031,175.81927490234375,1016.0,-47.54499435424805,66.04292297363281,371.0,-0.0,-0.0,0.0,-0.0,-0.0,0.0,-0.0,-0.0,0.0,-0.0,-0.0,0.0,-0.0,-0.0,0.0,-0.0,-0.0,0.0,-0.0,-0.0,0.0,-0.0,-0.0,0.0
142.49888610839844,-211.66773986816406,614.0,149.16448974609375,-233.64060974121094,600.0,154.1218719482422,-231.65548706054688,600.0,158.14361572265625,-231.20150756835938,604.0,-0.0,-0.0,0.0,-0.0,-0.0,0.0,-0.0,-0.0,0.0,140.94239807128906,-234.80880737304688,603.0,-0.0,-0.0,0.0,135.37059020996094,-194.67755126953125,628.0,108.03297424316406,-200.40277099609375,620.0,146.3319854736328,-174.34695434570312,649.0,-73.68260192871094,-192.78103637695312,632.0,248.66232299804688,-22.61562728881836,705.0,-75.17610931396484,13.980602264404297,431.0,-0.0,-0.0,0.0,-0.0,-0.0,0.0,-0.0,-0.0,0.0,-0.0,-0.0,0.0,-0.0,-0.0,0.0,-0.0,-0.0,0.0,-0.0,-0.0,0.0,-0.0,-0.0,0.0,62.74570083618164,175.47317504882812,1014.0,-46.93193054199219,66.65665435791016,371.0,-0.0,-0.0,0.0,-0.0,-0.0,0.0,-0.0,-0.0,0.0,-0.0,-0.0,0.0,-0.0,-0.0,0.0,-0.0,-0.0,0.0,-0.0,-0.0,0.0,-0.0,-0.0,0.0
146.31863403320312,-212.33709716796875,613.0,152.8751678466797,-236.2239227294922,599.0,157.6199493408203,-235.415283203125,602.0,162.7385711669922,-238.54373168945312,610.0,-0.0,-0.0,0.0,-0.0,-0.0,0.0,-0.0,-0.0,0.0,143.69300842285156,-239.3987579345703,602.0,-0.0,-0.0,0.0,138.48382568359375,-195.7164306640625,628.0,112.31192779541016,-200.7259979248047,621.0,146.1065216064453,-171.93438720703125,648.0,-76.81566619873047,-190.69004821777344,632.0,251.30068969726562,-14.205819129943848,693.0,-74.30400085449219,18.75144386291504,426.0,-0.0,-0.0,0.0,-0.0,-0.0,0.0,-0.0,-0.0,0.0,-0.0,-0.0,0.0,-0.0,-0.0,0.0,-0.0,-0.0,0.0,-0.0,-0.0,0.0,-0.0,-0.0,0.0,62.62194061279297,173.4529571533203,1012.0,-49.51729202270508,64.99015808105469,372.0,-0.0,-0.0,0.0,-0.0,-0.0,0.0,-0.0,-0.0,0.0,-0.0,-0.0,0.0,-0.0,-0.0,0.0,-0.0,-0.0,0.0,-0.0,-0.0,0.0,-0.0,-0.0,0.0
143.0460205078125,-213.00311279296875,612.0,150.1559600830078,-238.60340881347656,600.0,155.11334228515625,-235.625732421875,600.0,160.67005920410156,-235.97702026367188,606.0,-0.0,-0.0,0.0,-0.0,-0.0,0.0,-0.0,-0.0,0.0,143.69300842285156,-236.41114807128906,602.0,-0.0,-0.0,0.0,137.44607543945312,-196.75531005859375,628.0,109.72692108154297,-202.8233184814453,618.0,147.40443420410156,-175.4205780029297,649.0,-75.77130889892578,-191.7355499267578,632.0,249.9242401123047,-22.519390106201172,702.0,-75.71224975585938,15.37083625793457,430.0,-0.0,-0.0,0.0,-0.0,-0.0,0.0,-0.0,-0.0,0.0,-0.0,-0.0,0.0,-0.0,-0.0,0.0,-0.0,-0.0,0.0,-0.0,-0.0,0.0,-0.0,-0.0,0.0,62.560062408447266,169.93663024902344,1011.0,-47.9294548034668,64.72087097167969,374.0,-0.0,-0.0,0.0,-0.0,-0.0,0.0,-0.0,-0.0,0.0,-0.0,-0.0,0.0,-0.0,-0.0,0.0,-0.0,-0.0,0.0,-0.0,-0.0,0.0,-0.0,-0.0,0.0
145.54270935058594,-211.66773986816406,614.0,151.14743041992188,-235.625732421875,600.0,155.11334228515625,-234.6331787109375,600.0,158.61473083496094,-234.41941833496094,602.0,-0.0,-0.0,0.0,-0.0,-0.0,0.0,-0.0,-0.0,0.0,140.94239807128906,-238.7989044189453,603.0,-0.0,-0.0,0.0,136.62554931640625,-194.987548828125,629.0,110.4371337890625,-200.02027893066406,622.0,143.74276733398438,-173.80967712402344,647.0,-72.63825225830078,-193.8265380859375,632.0,250.6362762451172,-23.748151779174805,704.0,-76.95598602294922,12.61288070678711,433.0,-0.0,-0.0,0.0,-0.0,-0.0,0.0,-0.0,-0.0,0.0,-0.0,-0.0,0.0,-0.0,-0.0,0.0,-0.0,-0.0,0.0,-0.0,-0.0,0.0,-0.0,-0.0,0.0,65.7057876586914,186.10739135742188,1008.0,-47.1605339050293,67.9439697265625,368.0,-0.0,-0.0,0.0,-0.0,-0.0,0.0,-0.0,-0.0,0.0,-0.0,-0.0,0.0,-0.0,-0.0,0.0,-0.0,-0.0,0.0,-0.0,-0.0,0.0,-0.0,-0.0,0.0
144.8315887451172,-215.68734741210938,611.0,-0.0,-0.0,0.0,-0.0,-0.0,0.0,-0.0,-0.0,0.0,-0.0,-0.0,0.0,-0.0,-0.0,0.0,-0.0,-0.0,0.0,-0.0,-0.0,0.0,-0.0,-0.0,0.0,136.19113159179688,-197.47923278808594,627.0,109.90447235107422,-204.17550659179688,619.0,145.25955200195312,-171.1260986328125,649.0,-73.68260192871094,-191.7355499267578,632.0,250.8070068359375,-16.617673873901367,698.0,-75.17610931396484,14.693592071533203,431.0,-0.0,-0.0,0.0,-0.0,-0.0,0.0,-0.0,-0.0,0.0,-0.0,-0.0,0.0,-0.0,-0.0,0.0,-0.0,-0.0,0.0,-0.0,-0.0,0.0,-0.0,-0.0,0.0,64.10363006591797,189.63034057617188,1009.0,-45.81947326660156,68.97357177734375,367.0,-0.0,-0.0,0.0,-0.0,-0.0,0.0,-0.0,-0.0,0.0,-0.0,-0.0,0.0,-0.0,-0.0,0.0,-0.0,-0.0,0.0,-0.0,-0.0,0.0,-0.0,-0.0,0.0
146.2538299560547,-208.6192169189453,617.0,153.13038635253906,-229.6703643798828,600.0,157.35812377929688,-227.0705108642578,601.0,161.93821716308594,-228.3332977294922,607.0,-0.0,-0.0,0.0,-0.0,-0.0,0.0,-0.0,-0.0,0.0,143.93170166015625,-231.8162384033203,603.0,-0.0,-0.0,0.0,137.05996704101562,-192.47601318359375,631.0,110.792236328125,-198.59889221191406,624.0,147.8586883544922,-171.65345764160156,651.0,-74.72695922851562,-192.78103637695312,632.0,251.663330078125,-13.078256607055664,694.0,-75.35053253173828,14.013040542602539,432.0,-0.0,-0.0,0.0,-0.0,-0.0,0.0,-0.0,-0.0,0.0,-0.0,-0.0,0.0,-0.0,-0.0,0.0,-0.0,-0.0,0.0,-0.0,-0.0,0.0,-0.0,-0.0,0.0,65.83615112304688,186.47665405273438,1010.0,-46.19401931762695,67.08907318115234,370.0,-0.0,-0.0,0.0,-0.0,-0.0,0.0,-0.0,-0.0,0.0,-0.0,-0.0,0.0,-0.0,-0.0,0.0,-0.0,-0.0,0.0,-0.0,-0.0,0.0,-0.0,-0.0,0.0
147.61856079101562,-215.33433532714844,610.0,-0.0,-0.0,0.0,-0.0,-0.0,0.0,-0.0,-0.0,0.0,-0.0,-0.0,0.0,-0.0,-0.0,0.0,-0.0,-0.0,0.0,-0.0,-0.0,0.0,-0.0,-0.0,0.0,137.22720336914062,-197.47923278808594,627.0,111.76936340332031,-203.8456573486328,618.0,145.6555633544922,-175.67835998535156,646.0,-75.89120483398438,-190.9917755126953,633.0,248.55052185058594,-25.054306030273438,708.0,-75.0016860961914,15.37083625793457,430.0,-0.0,-0.0,0.0,-0.0,-0.0,0.0,-0.0,-0.0,0.0,-0.0,-0.0,0.0,-0.0,-0.0,0.0,-0.0,-0.0,0.0,-0.0,-0.0,0.0,-0.0,-0.0,0.0,60.708744049072266,166.09735107421875,1008.0,-47.9294548034668,63.483482360839844,374.0,-0.0,-0.0,0.0,-0.0,-0.0,0.0,-0.0,-0.0,0.0,-0.0,-0.0,0.0,-0.0,-0.0,0.0,-0.0,-0.0,0.0,-0.0,-0.0,0.0,-0.0,-0.0,0.0
145.30567932128906,-214.36521911621094,613.0,152.138916015625,-237.61085510253906,600.0,157.35812377929688,-236.01844787597656,601.0,162.67282104492188,-235.97702026367188,606.0,-0.0,-0.0,0.0,-0.0,-0.0,0.0,-0.0,-0.0,0.0,144.92813110351562,-237.80137634277344,603.0,-0.0,-0.0,0.0,137.22720336914062,-197.47923278808594,627.0,110.7481460571289,-203.8456573486328,618.0,144.40927124023438,-171.38978576660156,650.0,-72.63825225830078,-192.78103637695312,632.0,248.0793914794922,-23.950551986694336,710.0,-85.27088928222656,35.08879852294922,411.0,-0.0,-0.0,0.0,-0.0,-0.0,0.0,-0.0,-0.0,0.0,-0.0,-0.0,0.0,-0.0,-0.0,0.0,-0.0,-0.0,0.0,-0.0,-0.0,0.0,-0.0,-0.0,0.0,62.62194061279297,183.4976806640625,1012.0,-47.416839599609375,66.47698974609375,370.0,-0.0,-0.0,0.0,-0.0,-0.0,0.0,-0.0,-0.0,0.0,-0.0,-0.0,0.0,-0.0,-0.0,0.0,-0.0,-0.0,0.0,-0.0,-0.0,0.0,-0.0,-0.0,0.0
144.29270935058594,-214.36521911621094,613.0,-0.0,-0.0,0.0,156.364990234375,-236.01844787597656,601.0,159.60952758789062,-235.415283203125,602.0,-0.0,-0.0,0.0,-0.0,-0.0,0.0,-0.0,-0.0,0.0,143.93170166015625,-238.7989044189453,603.0,-0.0,-0.0,0.0,136.40834045410156,-196.75531005859375,628.0,108.88159942626953,-203.15150451660156,619.0,146.1065216064453,-173.00636291503906,648.0,-72.5233154296875,-192.47601318359375,631.0,249.56822204589844,-20.16802406311035,701.0,-82.62586212158203,36.182559967041016,408.0,-0.0,-0.0,0.0,-0.0,-0.0,0.0,-0.0,-0.0,0.0,-0.0,-0.0,0.0,-0.0,-0.0,0.0,-0.0,-0.0,0.0,-0.0,-0.0,0.0,-0.0,-0.0,0.0,64.29422760009766,178.47531127929688,1012.0,-46.67892837524414,67.51817321777344,369.0,-0.0,-0.0,0.0,-0.0,-0.0,0.0,-0.0,-0.0,0.0,-0.0,-0.0,0.0,-0.0,-0.0,0.0,-0.0,-0.0,0.0,-0.0,-0.0,0.0,-0.0,-0.0,0.0
147.3315887451172,-215.37928771972656,613.0,-0.0,-0.0,0.0,155.3718719482422,-237.0126495361328,601.0,159.87464904785156,-236.80386352539062,603.0,-0.0,-0.0,0.0,-0.0,-0.0,0.0,-0.0,-0.0,0.0,-0.0,-0.0,0.0,-0.0,-0.0,0.0,138.48382568359375,-197.794189453125,628.0,112.97309112548828,-203.15150451660156,619.0,143.96493530273438,-171.93438720703125,648.0,-73.68260192871094,-193.8265380859375,632.0,250.36892700195312,-16.6652889251709,700.0,-84.11673736572266,33.81105422973633,412.0,-0.0,-0.0,0.0,-0.0,-0.0,0.0,-0.0,-0.0,0.0,-0.0,-0.0,0.0,-0.0,-0.0,0.0,-0.0,-0.0,0.0,-0.0,-0.0,0.0,-0.0,-0.0,0.0,60.88942337036133,174.9540252685547,1011.0,-46.31886672973633,66.65665435791016,371.0,-0.0,-0.0,0.0,-0.0,-0.0,0.0,-0.0,-0.0,0.0,-0.0,-0.0,0.0,-0.0,-0.0,0.0,-0.0,-0.0,0.0,-0.0,-0.0,0.0,-0.0,-0.0,0.0
145.23426818847656,-209.63990783691406,617.0,151.65126037597656,-234.41941833496094,602.0,154.3787384033203,-231.04736328125,601.0,158.61473083496094,-230.43594360351562,602.0,-0.0,-0.0,0.0,-0.0,-0.0,0.0,-0.0,-0.0,0.0,141.4098663330078,-235.58761596679688,605.0,-0.0,-0.0,0.0,134.76065063476562,-193.21316528320312,630.0,108.55570983886719,-199.3112335205078,623.0,145.0357208251953,-171.93438720703125,648.0,-74.60871887207031,-191.4321746826172,631.0,251.5994415283203,-16.5938663482666,697.0,-83.30006408691406,37.532440185546875,408.0,-0.0,-0.0,0.0,-0.0,-0.0,0.0,-0.0,-0.0,0.0,-0.0,-0.0,0.0,-0.0,-0.0,0.0,-0.0,-0.0,0.0,-0.0,-0.0,0.0,-0.0,-0.0,0.0,64.42129516601562,173.79574584960938,1014.0,-46.69341278076172,65.33956909179688,374.0,-0.0,-0.0,0.0,-0.0,-0.0,0.0,-0.0,-0.0,0.0,-0.0,-0.0,0.0,-0.0,-0.0,0.0,-0.0,-0.0,0.0,-0.0,-0.0,0.0,-0.0,-0.0,0.0
142.2667999267578,-216.3933563232422,613.0,-0.0,-0.0,0.0,-0.0,-0.0,0.0,-0.0,-0.0,0.0,-0.0,-0.0,0.0,-0.0,-0.0,0.0,-0.0,-0.0,0.0,-0.0,-0.0,0.0,-0.0,-0.0,0.0,135.80169677734375,-196.33973693847656,630.0,107.00845336914062,-202.4540557861328,620.0,145.0357208251953,-171.93438720703125,648.0,-73.5660171508789,-191.4321746826172,631.0,250.01124572753906,-17.797815322875977,699.0,-87.55937194824219,38.97762680053711,409.0,-0.0,-0.0,0.0,-0.0,-0.0,0.0,-0.0,-0.0,0.0,-0.0,-0.0,0.0,-0.0,-0.0,0.0,-0.0,-0.0,0.0,-0.0,-0.0,0.0,-0.0,-0.0,0.0,66.22725677490234,175.81927490234375,1016.0,-46.31886672973633,66.65665435791016,371.0,-0.0,-0.0,0.0,-0.0,-0.0,0.0,-0.0,-0.0,0.0,-0.0,-0.0,0.0,-0.0,-0.0,0.0,-0.0,-0.0,0.0,-0.0,-0.0,0.0,-0.0,-0.0,0.0
145.30567932128906,-215.37928771972656,613.0,-0.0,-0.0,0.0,156.364990234375,-237.0126495361328,601.0,159.60952758789062,-236.41114807128906,602.0,-0.0,-0.0,0.0,-0.0,-0.0,0.0,-0.0,-0.0,0.0,143.93170166015625,-239.7964324951172,603.0,-0.0,-0.0,0.0,136.40834045410156,-197.794189453125,628.0,109.05750274658203,-203.47970581054688,620.0,144.36427307128906,-174.3394012451172,645.0,-74.72695922851562,-191.7355499267578,632.0,250.8070068359375,-17.772354125976562,698.0,-74.30400085449219,18.75144386291504,426.0,-0.0,-0.0,0.0,-0.0,-0.0,0.0,-0.0,-0.0,0.0,-0.0,-0.0,0.0,-0.0,-0.0,0.0,-0.0,-0.0,0.0,-0.0,-0.0,0.0,-0.0,-0.0,0.0,62.74570083618164,178.82801818847656,1014.0,-47.05842971801758,66.22093200683594,372.0,-0.0,-0.0,0.0,-0.0,-0.0,0.0,-0.0,-0.0,0.0,-0.0,-0.0,0.0,-0.0,-0.0,0.0,-0.0,-0.0,0.0,-0.0,-0.0,0.0,-0.0,-0.0,0.0
143.5865478515625,-218.3616485595703,610.0,-0.0,-0.0,0.0,-0.0,-0.0,0.0,-0.0,-0.0,0.0,-0.0,-0.0,0.0,-0.0,-0.0,0.0,-0.0,-0.0,0.0,-0.0,-0.0,0.0,-0.0,-0.0,0.0,136.19113159179688,-198.51644897460938,627.0,108.70570373535156,-204.8679962158203,618.0,143.52059936523438,-173.54104614257812,646.0,-73.68260192871094,-192.78103637695312,632.0,250.36892700195312,-21.297243118286133,700.0,-75.35053253173828,13.298396110534668,432.0,-0.0,-0.0,0.0,-0.0,-0.0,0.0,-0.0,-0.0,0.0,-0.0,-0.0,0.0,-0.0,-0.0,0.0,-0.0,-0.0,0.0,-0.0,-0.0,0.0,-0.0,-0.0,0.0,64.29422760009766,166.75645446777344,1012.0,-45.700462341308594,64.4449691772461,376.0,-0.0,-0.0,0.0,-0.0,-0.0,0.0,-0.0,-0.0,0.0,-0.0,-0.0,0.0,-0.0,-0.0,0.0,-0.0,-0.0,0.0,-0.0,-0.0,0.0,-0.0,-0.0,0.0
144.40908813476562,-220.5751190185547,605.0,-0.0,-0.0,0.0,-0.0,-0.0,0.0,-0.0,-0.0,0.0,-0.0,-0.0,0.0,-0.0,-0.0,0.0,-0.0,-0.0,0.0,-0.0,-0.0,0.0,-0.0,-0.0,0.0,136.94021606445312,-201.7532958984375,621.0,109.37181854248047,-207.26206970214844,616.0,145.88104248046875,-174.87998962402344,647.0,-73.5660171508789,-192.47601318359375,631.0,249.01502990722656,-24.983531951904297,706.0,-76.06439971923828,13.298396110534668,432.0,-0.0,-0.0,0.0,-0.0,-0.0,0.0,-0.0,-0.0,0.0,-0.0,-0.0,0.0,-0.0,-0.0,0.0,-0.0,-0.0,0.0,-0.0,-0.0,0.0,-0.0,-0.0,0.0,66.22725677490234,170.77706909179688,1016.0,-45.457374572753906,65.33956909179688,374.0,-0.0,-0.0,0.0,-0.0,-0.0,0.0,-0.0,-0.0,0.0,-0.0,-0.0,0.0,-0.0,-0.0,0.0,-0.0,-0.0,0.0,-0.0,-0.0,0.0,-0.0,-0.0,0.0
145.36386108398438,-218.00367736816406,609.0,-0.0,-0.0,0.0,-0.0,-0.0,0.0,-0.0,-0.0,0.0,-0.0,-0.0,0.0,-0.0,-0.0,0.0,-0.0,-0.0,0.0,-0.0,-0.0,0.0,-0.0,-0.0,0.0,137.82228088378906,-199.95108032226562,625.0,110.7481460571289,-204.8679962158203,618.0,144.5880889892578,-174.6096954345703,646.0,-73.68260192871094,-193.8265380859375,632.0,249.3677520751953,-26.188488006591797,707.0,-75.35053253173828,14.013040542602539,432.0,-0.0,-0.0,0.0,-0.0,-0.0,0.0,-0.0,-0.0,0.0,-0.0,-0.0,0.0,-0.0,-0.0,0.0,-0.0,-0.0,0.0,-0.0,-0.0,0.0,-0.0,-0.0,0.0,64.23069763183594,176.62648010253906,1011.0,-46.93193054199219,66.65665435791016,371.0,-0.0,-0.0,0.0,-0.0,-0.0,0.0,-0.0,-0.0,0.0,-0.0,-0.0,0.0,-0.0,-0.0,0.0,-0.0,-0.0,0.0,-0.0,-0.0,0.0,-0.0,-0.0,0.0
142.49888610839844,-212.68348693847656,614.0,148.6669158935547,-237.40701293945312,602.0,153.38560485839844,-234.03001403808594,601.0,156.364990234375,-233.03579711914062,601.0,-0.0,-0.0,0.0,-0.0,-0.0,0.0,-0.0,-0.0,0.0,140.1780548095703,-238.1957550048828,604.0,-0.0,-0.0,0.0,134.3328399658203,-195.7164306640625,628.0,107.18104553222656,-200.7259979248047,621.0,146.1065216064453,-171.93438720703125,648.0,-73.68260192871094,-192.78103637695312,632.0,250.28025817871094,-21.38851547241211,703.0,-76.24047088623047,12.61288070678711,433.0,-0.0,-0.0,0.0,-0.0,-0.0,0.0,-0.0,-0.0,0.0,-0.0,-0.0,0.0,-0.0,-0.0,0.0,-0.0,-0.0,0.0,-0.0,-0.0,0.0,-0.0,-0.0,0.0,66.16207122802734,175.64622497558594,1015.0,-45.95219802856445,66.3989486694336,373.0,-0.0,-0.0,0.0,-0.0,-0.0,0.0,-0.0,-0.0,0.0,-0.0,-0.0,0.0,-0.0,-0.0,0.0,-0.0,-0.0,0.0,-0.0,-0.0,0.0,-0.0,-0.0,0.0
143.35116577148438,-219.01112365722656,609.0,-0.0,-0.0,0.0,-0.0,-0.0,0.0,-0.0,-0.0,0.0,-0.0,-0.0,0.0,-0.0,-0.0,0.0,-0.0,-0.0,0.0,-0.0,-0.0,0.0,-0.0,-0.0,0.0,136.78948974609375,-198.9171600341797,625.0,108.52980041503906,-205.5571746826172,617.0,146.3319854736328,-170.052490234375,649.0,-73.5660171508789,-190.38832092285156,631.0,251.5994415283203,-18.899917602539062,697.0,-74.65284729003906,16.71539878845215,428.0,-0.0,-0.0,0.0,-0.0,-0.0,0.0,-0.0,-0.0,0.0,-0.0,-0.0,0.0,-0.0,-0.0,0.0,-0.0,-0.0,0.0,-0.0,-0.0,0.0,-0.0,-0.0,0.0,67.50514221191406,176.4517822265625,1010.0,-45.70580291748047,67.27039337158203,371.0,-0.0,-0.0,0.0,-0.0,-0.0,0.0,-0.0,-0.0,0.0,-0.0,-0.0,0.0,-0.0,-0.0,0.0,-0.0,-0.0,0.0,-0.0,-0.0,0.0,-0.0,-0.0,0.0
141.570556640625,-219.37074279785156,610.0,-0.0,-0.0,0.0,-0.0,-0.0,0.0,157.35812377929688,-238.00686645507812,601.0,-0.0,-0.0,0.0,-0.0,-0.0,0.0,-0.0,-0.0,0.0,-0.0,-0.0,0.0,-0.0,-0.0,0.0,133.6911163330078,-198.9171600341797,625.0,107.5102310180664,-206.57785034179688,617.0,143.96493530273438,-170.8624267578125,648.0,-71.5938949584961,-193.8265380859375,632.0,249.8273162841797,-23.781885147094727,705.0,-76.60053253173828,14.693592071533203,431.0,-0.0,-0.0,0.0,-0.0,-0.0,0.0,-0.0,-0.0,0.0,-0.0,-0.0,0.0,-0.0,-0.0,0.0,-0.0,-0.0,0.0,-0.0,-0.0,0.0,-0.0,-0.0,0.0,60.88942337036133,179.97140502929688,1011.0,-45.94432067871094,68.55274200439453,368.0,-0.0,-0.0,0.0,-0.0,-0.0,0.0,-0.0,-0.0,0.0,-0.0,-0.0,0.0,-0.0,-0.0,0.0,-0.0,-0.0,0.0,-0.0,-0.0,0.0,-0.0,-0.0,0.0
